Nombre,Símbolo,Precio,Market Cap,Volumen (24h)
CoinMarketCap 20 Index DTF,CMC20,184.53,6.656651979,912143749.43
Bitcoin,BTC,87835.46,1.751753248212437,36172792411412.25
Ethereum,ETH,2952.03,355.48355475808125,245385890318.33
Tether,USDT,0.9986,186.29186288393032,8193915216582.04
BNB,BNB,889.14,121.25121248367175,20321913922.28
XRP,XRP,1.88,114.7711476925191,20991180551.11
USDC,USDC,0.9997,71.6371633646108,2148132952621.48
Solana,SOL,124.8,70.6570646529334,335962364826.91
TRON,TRX,0.2938,27.8327834720569,4585408621.56
Dogecoin,DOGE,0.1225,20.6520653331408,9769656347.97
Cardano,ADA,0.3517,12.6812677725583,4275205481.21
Bitcoin Cash,BCH,590.26,11.811797402334,343979281582.75
UNUS SED LEO,LEO,9.25,8.53852742717,1074562116.14
Monero,XMR,460.91,8.58502421108,118781345257.7
Hyperliquid,HYPE,28.11,8.498491976056,57469230620.44
pippin,PIPPIN,0.4079,407.92407921378,65794234161.29
DoubleZero,2Z,0.1164,404.38404376358,18518475158.97
BitTorrent [New],BTT,0.064015,395.94395936311,1031143125.68
AB,AB,0.004027,395.5395504744,93365652.31
FLOKI,FLOKI,4.142e-05,395.2139521098,30576022738.03
EURC,EURC,1.19,393.56393555537,5133364242.89
Stable,STABLE,0.02215,389.95389952265,250611791.13
Maple Finance,SYRUP,0.3346,386.8386795485,1596795347.71
Celestia,TIA,0.4426,386.07386067007,2807626463.43
The Graph,GRT,0.03591,384.12384117459,17227529479.66
Humanity Protocol,H,0.1589,383.26383257936,28056223176.47
Gnosis,GNO,140.0,369.52369520977,470157533.58
JUST,JST,0.04137,364.77364765627,32727253790.9
Trust Wallet Token,TWT,0.8467,363.99363988192,906729710.7
IOTA,IOTA,0.08485,361.5336153365,15555498183.31
Rain,RAIN,0.01,3.43401160985,478979734.78
Falcon USD,USDf,0.9953,2.052054242072,23836212.39
Jupiter Perps LP,JLP,4.55,1.541543756521,302547466.63
Ondo US Dollar Yield,USDY,1.11,704.45704452581,11897931.06
Beldex,BDX,0.07963,605.68605677754,10666472133.93
Usual USD,USD0,0.9972,594.85594847321,939598942.16
c8ntinuum,CTM,0.1212,528.79528791125,11442419.43
USDai,USDAI,0.9999,501.31501312389,21851152.18
GHO,GHO,0.9995,494.88494878367,11940331.19
Fasttoken,FTN,1.08,474.73474728509,1229597111.29
Legacy Frax Dollar,FRAX,0.9925,274.09274094607,265420267.41
Ape and Pepe,APEPE,0.051109,233.07233073517,2012971218.13
Undeads Games,UDS,2.3,228.82228823116,1089236472.46
WeFi,WFI,2.85,223.57223566471,2286896801.48
SwissBorg,BORG,0.226,222.06222060422,6674752.95
ORDI,ORDI,3.86,81.2581249666,122137353.15
XPR Network,XPR,0.00286,81.2481243468,1861739650.83
Drift,DRIFT,0.1467,81.1781166013,855040758.24
Qubic,QUBIC,0.066031,80.3880376518,14507952.4
VVS Finance,VVS,0.051815,79.2279217777,338778186.63
RaveDAO,RAVE,0.3369,79.179104509,699363920.75
EUR CoinVertible,EURCV,1.19,78.7478738901,4028477633.64
cat in a dogs world,MEW,0.0008829,78.4978485668,1394278515.79
Blur,BLUR,0.02875,77.8777873596,7907930275.03
Waves,WAVES,0.6462,77.5377531593,691063010.69
Comedian,BAN,0.07734,77.3577345534,378587748.94
Paycoin,PCI,0.07259,77.1177106563,89229712.29
Avantis,AVNT,0.2974,76.8176813377,38748198130.25
XYO,XYO,0.005611,76.6376628296,77078581.37
GMX,GMX,7.36,76.4276417909,5422858736.65
VNDC,VNDC,3.782e-05,53.4353429177,10910779288.43
Storj,STORJ,0.1253,53.0253015889,611601448.79
Tellor,TRB,19.29,52.995298724,11596759600.88
Sologenic,SOLO,0.1328,52.9952993229,182763713.75
Enjin Coin,ENJ,0.0273,52.652599538,6088789222.98
Law Blocks (AI),LBT,0.214,52.4452439274,5360032.5
Spark,SPK,0.02241,52.3452336853,11731360523.29
AI Rig Complex,ARC,0.05206,52.0652064692,9671819185.76
ChangeNOW Token,NOW,0.6111,51.8351826478,35235.76
EthereumPoW,ETHW,0.4761,51.345134277,36332747.62
Harmony,ONE,0.003451,51.251197794,37450641.08
UPCX,UPC,0.5072,50.9650960603,188747372.11
BORA,BORA,0.04629,50.9150908406,114399224.71
iExec RLC,RLC,0.5848,50.8950885327,28097584.8
PlaysOut,PLAY,0.07321,50.8550853021,317165143.31
Kyber Network Crystal v2,KNC,0.2071,39.5339525576,464828922.44
Blast,BLAST,0.0007244,39.539500073,35892854.95
Derive,DRV,0.05345,39.4239424211,48971916.12
Flux,FLUX,0.09833,39.4139410777,271978327.65
OLAXBT,AIO,0.1706,39.2939292076,1401804482.14
Liquity BOLD,BOLD,1.0,38.913890856,270385270.21
iShares Silver Trust Tokenized ETF (Ondo),SLVon,96.8,38.838797026,25579173264.23
Audius,AUDIO,0.02785,38.7638755203,266747795.75
MiL.k,MLK,0.07327,38.6538652149,76247810.4
Santos FC Fan Token,SANTOS,2.39,38.4738471168,66635052.78
Particle Network,PARTI,0.08669,38.438396255,825111195.17
EscoinToken,ELG,0.2439,38.3338328742,2944911.2
MWX Token,MWXT,0.255,38.243823692,475874718.65
Burnedfi,BURN,3.09,38.2538245612,16908654.71
Osmosis,OSMO,0.05002,38.0438039945,230785146.13
Boundless,ZKC,0.1251,28.6728673434,56441611451.02
Orderly,ORDER,0.07859,28.5928593484,483633861.53
Folks Finance,FOLKS,2.34,28.5928590619,99143244.23
Mira,MIRA,0.122,28.5628560903,1128610992.49
USDB,USDB,1.0,28.3628358705,37387223.7
Wayfinder,PROMPT,0.07001,28.4428443784,36636304523.29
Everlyn AI,LYN,0.1109,28.3728368174,468745242.24
Treasure,MAGIC,0.08876,28.1928194324,656225773.92
Hyperlane,HYPER,0.1238,28.1328128589,639959551.66
Xai,XAI,0.01432,28.128103155,5189128362.31
Renzo,REZ,0.004476,27.8427844252,55855131.24
SPDR S&P 500 Tokenized ETF (Ondo),SPYon,698.27,27.7927787106,34127724.88
Anoma,XAN,0.01102,27.552755426,7594317689.03
Adshares,ADS,0.7106,27.5227522773,7637781.07
Electronic USD,eUSD,0.9987,27.4627461454,157217157.4
BOB (Build on Bitcoin),BOB,0.0095,21.0921090194,7546632794.37
Ponke,PONKE,0.03795,21.09210865,272271471.73
AriaAI,ARIA,0.07496,21.0721068047,216422328.87
Kyuzo's Friends,KO,0.09672,21.0421037239,9897723102.33
Lava Network,LAVA,0.0794,2121001942.0,175603922.11
BENQI,QI,0.002911,20.9720965265,625140214.68
Fusionist,ACE,0.2405,20.9420939608,721915330.0
Collector Crypt,CARDS,0.05504,20.9320931726,142350425.86
Maverick Protocol,MAV,0.02482,20.9220924126,238732096.17
Nillion,NIL,0.06889,20.9220919673,448466565.08
SuperRare,RARE,0.02534,20.920902348,3084964121.73
Orchid,OXT,0.02093,20.8720872764,108962752.05
Eclipse,ES,0.1572,20.8620862501,494579031.44
Polyhedra Network,ZKJ,0.03592,20.8320834584,266841974.26
Dolomite,DOLO,0.04656,20.5620562492,7882433169.29
SUPRA,SUPRA,0.0007115,16.3416338402,493284693.2
Hermez Network,HEZ,3.47,16.3316332541,221466.37
Initia,INIT,0.09061,16.316301066,742543881.94
MyNeighborAlice,ALICE,0.1621,16.2616256052,469739728.96
Radworks,RAD,0.2751,16.2516254393,435057315.81
iShares Core MSCI EAFE Tokenized ETF (Ondo),IEFAon,95.83,16.1216124567,509663853.18
Saga,SAGA,0.04676,16.0816078497,4860908103.94
ROGin AI,ROG,0.2377,15.9315928467,607425.54
Highstreet,HIGH,0.2009,15.751575106,278914013.87
GameStop (gamestop-coin.vip),GME,3.825e-05,15.7315734123,1370203.58
PIVX,PIVX,0.1572,15.7215724853,293564218.67
Felysyum,FELY,0.3592,15.7215721451,67805188.76
elizaOS,ELIZAOS,0.002099,15.7115705879,85315014.06
Stader,SD,0.2284,15.6315632874,20483968.96
FirmaChain,FCT,0.01405,15.631562729,1528217108.76
DODO,DODO,0.01799,13.0613056937,9593559533.2
Beefy,BIFI,163.04,13.0413043474,7918884.85
MicroStrategy tokenized stock (xStock),MSTRX,157.95,12.9712968331,370804923.47
Splendor,SPLD,0.2899,12.9612960498,4041271.39
RollX,ROLL,0.08284,12.841284175,25299187305.36
Splintershards,SPS,0.008152,12.8212819748,288573.53
Bubblemaps,BMT,0.02244,12.7712768054,8363346372.55
Alephium,ALPH,0.104,12.7212722464,2394492.3
Titan's Tap,TIT,0.0004134,12.6912687584,51848125.4
RAMP,RAMP,0.02651,12.6712671595,0.0
Infrared,IR,0.0618,12.6712670681,6302411101.96
Autonolas,OLAS,0.05366,12.6312627126,2303324.29
Acet,ACT,0.01003,12.6312625627,126841.26
RIZE,RIZE,0.008276,12.6112613452,11827314.29
ColossusXT,COLX,0.0009845,12.5412536278,0.0
Bella Protocol,BEL,0.1303,10.4310425028,190267014.6
ASD,ASD,0.01575,10.4110409803,131067983.17
Roam,ROAM,0.0308,10.3810383849,144898747.03
Juventus Fan Token,JUV,0.7132,10.3810378753,68173879.55
Zeta,ZEX,0.05465,10.2610261824,2668624.88
NAVI Protocol,NAVX,0.01255,10.2410243549,32001225.49
Manyu (manyushiba.com),MANYU,0.071021,10.2210217843,2239181219.14
Peercoin,PPC,0.3402,10.2110214014,57136167.93
Banxchange,BXE,0.03371,10.1410141729,1015233.01
OpenEden,EDEN,0.05514,10.1410139166,512131992.87
Avalon Labs (AVL),AVL,0.06237,10.081008478,9818966157.42
Rupiah Token,IDRT,5.799e-05,10.0810083594,0.0
Coq Inu,COQ,0.061448,10.0610058823,6343384.37
Alpine F1 Team Fan Token,ALPINE,0.535,10.0510045285,1068681119.97
Orbiter Finance,OBT,0.001927,10.021002353,27271471.41
zkVerify,VFY,0.02616,8.258252213,140416953.65
Edel,EDEL,0.0159,8.248240764,26295216.52
Autonomi,ANT,0.06026,8.248235224,3092525.13
Save,SAVE,0.1801,8.2382282,0.0
Gold tokenized ETF (xStock),GLDX,466.89,8.228217398,6294691.34
Nobody Sausage,NOBODY,0.008753,8.198194012,50631857.84
Kekius Maximus (kekiusmaximus.vip),KEKIUS,0.00819,8.198190067,851309103.94
Portugal National Team Fan Token,POR,0.8204,8.158147287,430609524.82
Augur,REP,0.7398,8.148138173,1652822.34
MEVerse,MEV,0.004694,8.118105521,52463951.11
Pkoin,PKOIN,0.5816,8.18098527,5107987.82
Telos,TLOS,0.01807,8.088076237,178638298.8
Wojak,WOJAK,0.0001161,8.06805816,6663885.73
HOPR,HOPR,0.02359,8.058050416,38252616.21
Parcl,PRCL,0.01951,8.048044221,124451363.78
Cryptex Finance,CTX,0.7868,6.466455132,8382971.06
Swell Network,SWELL,0.001562,6.426416348,1264462809.42
WhiteCoin,XWC,0.008388,6.41641127,101.16
Shadow Token,SHDW,0.03787,6.46403586,31018818.87
Populous,PPT,0.1202,6.46401301,0.0
Lion Cat,LCAT,0.01231,6.376374917,154461.25
SpaceN,SN,0.1589,6.366360278,317719.98
CESS Network,CESS,0.002394,6.356345006,1323232552.64
Mythos,MYTH,0.007179,6.246244089,337754.7
Arsenal Fan Token,AFC,0.3815,6.2462388,25579336.7
EDENA,EDENA,0.8249,6.236226956,490652594.76
Cult DAO,CULT,0.051436,6.26202013,7322250.98
0x0.ai,0x0,0.007121,6.196185546,76981.08
DeBox,BOX,0.01349,6.186182339,266191.97
Games for a Living,GFAL,0.001618,6.126115248,9108856.27
Smog,SMOG,0.00641,4.994993692,0.0
Upland (SPARKLET),SPARKLET,0.02076,4.974972798,28441113.69
Zeus Network,ZEUS,0.0123,4.964957494,1295428105.24
Crown by Third Time Games,CROWN,0.02257,4.944940834,2949130.66
AIVille Governance Token,AIV,0.001778,4.944939517,127177.15
Observer,OBSR,0.0007829,4.944938311,69468.87
Decentralized Euro,DEURO,1.19,4.93492653,21771.82
Minima,MINIMA,0.008848,4.94896602,498415.63
SPECTRE AI,SPECTRE,0.4896,4.894893199,351327717.49
Seedify.fund,SFUND,0.05494,4.87486506,4031567.33
Steem Dollars,SBD,0.4962,4.864863719,7670611.54
Fair and Free,FAIR3,0.005194,4.864860768,493209.49
DRX Token,DRX,0.007312,4.864855338,7830010.7
Kendu,KENDU,0.055104,4.844841163,86461.69
iShares Russell 2000 Value Tokenized ETF (Ondo),IWNon,196.14,4.844839442,622931.75
Intel Tokenized Stock (Ondo),INTCon,43.93,3.933927766,4577381104.17
Neuron,NRN,0.01101,3.93901054,29453126.74
Verasity,VRA,4.189e-05,3.93899332,339754781.1
Resistance Dog,REDO,0.03896,3.93896736,1147582.94
ALTAVA,TAVA,0.005588,3.89388895,6181511.06
VestChain,VEST,0.0009827,3.883877783,0.0
Dora Factory,DORA,0.007214,3.88387615,10419714.44
XDB CHAIN,XDB,0.0002245,3.863862345,78672350.29
Aurory,AURY,0.05127,3.853852084,934581.82
TokenFi,TOKEN,0.003848,3.853848707,1728972449.24
LumiWave,LWA,0.004984,3.843838573,32920166.04
LeverUp,LV,0.04263,3.843836733,1690983.96
Infinity Rising,RISE,0.005067,3.843835586,1585312.69
Dimitra,DMTR,0.00785,3.82381941,26491233.74
Apple Tokenized Stock (Ondo),AAPLon,260.11,3.83796761,472109718.15
Baanx,BXX,0.01282,3.173171637,98776.95
Nexa,NEXA,0.065409,3.1731697,3825170.71
Botto,BOTTO,0.06616,3.143142258,64493974.73
Astroon,AST,0.005101,3.133134005,21575142.28
WHALE,WHALE,0.3133,3.133133926,0.0
Microsoft Tokenized Stock (Ondo),MSFTon,481.25,3.13313035,33146526.88
Amazon tokenized stock (xStock),AMZNX,243.21,3.133129961,1120354946.06
Central African Republic Meme,CAR,0.003132,3.123120323,12554340.07
My Lovely Planet,MLC,0.03186,3.12312031,38366112.04
Matr1x,MAX,0.02388,3.123117377,12488522.84
Gochujangcoin,GOCHU,0.062785,3.11311401,219104786.5
Department Of Government Efficiency (dogegov.com),DOGE,0.003176,3.113110239,1083416341.06
DerivaDAO,DDX,0.119,3.113106115,1191.0
Nestree,EGG,0.001036,3.113105451,4333341.78
NetMind Token,NMT,0.09283,3.113105213,4860975.23
Pups (Bitcoin),PUPS,0.002616,2.532534383,91573.49
ArbDoge AI,AIDOGE,0.0101453,2.542535848,1858948127.88
Phoenixcoin,PXC,0.0272,2.532532521,49018.02
Roaring Kitty,ROAR,0.002532,2.532532333,13122651.82
Pluton,PLU,0.1484,2.522522859,34480232.33
Switchboard Protocol,SWTCH,0.01468,2.522519428,2455174167.22
Artyfact,ARTY,0.1285,2.52503232,8408346.54
Everclear,CLEAR,0.00359,2.52502926,359019.99
Dill,DL,0.002109,2.52499803,769178364.61
trac (Ordinals),TRAC,0.1188,2.52495429,532344.79
Best Wallet,BEST,0.001491,2.492492302,509360341.48
Streamflow,STREAM,0.01637,2.492491014,1046496.39
ASML Holding NV Tokenized Stock (Ondo),ASMLon,1471.31,2.492489436,50109233.4
Hoppy,HOPPY,0.05591,2.492486463,1136133192.22
Voxies,VOXEL,0.009767,2.49248563,1998974204.66
Altcoinist,ALTT,0.008581,2.12102387,5698663.98
Boop,BOOP,0.006678,2.092089411,11028016.51
Artrade,ATR,0.001654,2.082084333,195375118.11
Mistery On Cro,MERY,0.055077,2.0820831,113942.24
Bitcoin 2,BTC2,0.1129,2.082079263,1069294.66
Napoli Fan Token,NAP,0.3922,2.082077224,148668378.99
e-Radix,EXRD,0.00246,2.082075916,9231137.51
LATOKEN,LA,0.005433,2.072065122,6912.76
Energi,NRG,0.01999,2.052054473,275091.37
Jerry The Turtle By Matt Furie,JYAI,2.976e-05,2.052053485,214156771.95
Giants Protocol,G,7.093e-05,2.052050927,1053241.48
MARS4,MARS4,0.0008236,2.052045071,165283200.68
Luxxcoin,LUX,0.0008934,2.052045395,554828620.98
U,U,0.002055,2.042041391,3497117.01
Polytrade,TRADE,0.04938,2.042039148,2796775.66
mStable Governance Token: Meta (MTA),MTA,0.03017,1.671672225,399.17
老子,老子,0.001664,1.661664866,64141693.85
Light,LIGHT,0.002919,1.661664679,93.09
W Coin,WCO,0.0002553,1.661663663,2670861.04
DFDV tokenized stock (xStock),DFDVx,5.86,1.661661267,1218796207.76
Verse,VERSE,3.669e-05,1.661657688,3038.25
Mochi (New),MOCHI,0.051765,1.66165522,2136112.1
Alon,ALON,0.001656,1.65165323,311020187.74
Crypto Asset Governance Alliance,CAGA,2.683e-05,1.651650133,11039411.35
EVDC Network,EVDC,2.6e-05,1.641644412,37399114.38
KLEVA Protocol,KLEVA,0.02379,1.641639797,73330.81
LSD,$LSD,0.001637,1.641637222,190660116.45
SafeCoin,SAFE,0.05901,1.641636709,9149.92
Penpie,PNP,1.08,1.641636389,1896017.44
Stratos,STOS,0.04212,1.631634349,1299343.08
Wells Fargo Tokenized Stock (Ondo),WFCon,89.44,1.3413421,4054.52
Privasea AI,PRAI,0.004627,1.341341388,3874197837.25
Palo Alto Networks Tokenized Stock (Ondo),PANWon,184.08,1.341336202,1147662.33
Sensay,SNSY,0.0002566,1.341336006,3335391.29
BASE,BASE,0.051435,1.331334263,35632.48
Cat Own Kimono,COK,0.05133,1.33132832,30543992.29
KIRA,KEX,0.006468,1.331329675,0.0
Fusion,FSN,0.01697,1.331328171,5522325.25
Marvell Technology Tokenized Stock (Ondo),MRVLon,83.2,1.321319238,167468020.12
KOMPETE,KOMPETE,0.001756,1.321318822,449255.91
Nike Tokenized Stock (Ondo),NKEon,63.61,1.321318269,238735237.52
WINR Protocol,WINR,0.001837,1.311309413,58623.19
Matchain,MAT,0.1056,1.31304366,111469510.55
Pandora,PANDORA,130.24,1.31302415,139410.7
San Chan,SAN,0.001382,1.3130207,182971132.36
Palantir Technologies Tokenized Stock (Ondo),PLTRon,166.25,1.061059301,616458537.07
NuriTopia,NBLU,0.0004291,1.051051501,59494138.63
JD.com Tokenized Stock (Ondo),JDon,29.32,1.04104291,185399063.22
Tanssi,TANSSI,0.003051,1.041042516,40474601.32
Cakepie,CKP,0.5906,1.041040555,2091735.41
Flamengo Fan Token,MENGO,0.06792,1.041039054,1185101.74
yesnoerror,YNE,0.001038,1.041038005,480496462.9
Emorya Finance,EMR,0.001239,1.041037883,380100306.75
ServiceNow Tokenized Stock (Ondo),NOWon,661.39,1.041035714,34488905.21
YooShi,YOOSHI,0.082848,1.031034602,682239.46
Decubate,DCB,0.002721,1.031034351,9777135.92
GOUT,GOUT,0.059279,1.031033305,7500808.24
VICE Token,VICE,0.001033,1.031031039,1174411.36
META FINANCIAL AI,MEFAI,0.001782,1.031030655,267640150.14
v.systems,VSYS,0.0002856,1.031029518,3944151.38
Non-Playable Coin Solana,NPCS,0.0008977,870589.6687059,3591840.0
Smoking Chicken Fish,SCF,0.0008697,869721.96869722,300618345.61
FACTOR,FACT,0.7621,867092.55867093,1409818.49
Vector Smart Gas,VSG,8.663e-05,866305.42866305,1491111.72
The Root Network,ROOT,0.0002234,865179.37865179,208392932.78
Witch Token,WITCH,0.03162,863419.986342,328081.03
Shark Cat,SC,0.0008707,861973.94861974,362326416.09
Super Micro Computer Tokenized Stock (Ondo),SMCIon,30.9,861230.1286123,204719666.23
Bostrom,BOOT,0.081454,860402.8860403,0.0
AmonD,AMON,0.0001198,860001.82860002,4753.96
Retard Finder Coin,RFC,0.0008895,855310.58855311,446328501.76
GameGPT,DUEL,0.0001017,853569.26853569,33083325.21
BIG,BIG,0.0008488,848800.9848801,5226761.57
MercadoLibre Tokenized Stock (Ondo),MELIon,2286.1,845650.1884565,19070.8341
Eternal AI,EAI,0.003044,842674.62842675,0.0
BarnBridge,BOND,0.09011,712813.83712814,2549372.82
Bridge AI,BRG,8.895e-05,711809.8271181,543861.13
Sipher,SIPHER,0.007913,710187.61710188,6800859.31
Hims & Hers Health Tokenized Stock (Ondo),HIMSon,29.11,708784.94708785,5736423197.02
Snowflake Tokenized Stock (Ondo),SNOWon,211.82,708686.41708686,303217114.31
MongCoin,$MONG,0.081214,705572.28705572,6572854.14
TRVL (Dtravel),TRVL,0.001692,705029.7970503,180133106.45
Plearn,PLN,0.008168,703037.98703038,8272710.12
Venus DOT,vDOT,0.04216,701940.2470194,0.0
Sekuya Multiverse,SKYA,0.001738,700798.03700798,7118340.95
McDonald's tokenized stock (xStock),MCDX,316.26,699594.77699595,366264811.58
Vertus,VERT,0.001325,699048.79699049,275824208.01
XELS,XELS,0.03297,692375.15692375,657741.99
Procter & Gamble tokenized stock (xStock),PGX,151.74,690418.65690419,3151072.07
Home Depot tokenized stock (xStock),HDX,381.98,572974.36572974,1155430.24
Spotify Tokenized Stock (Ondo),SPOTon,512.75,572671.66572672,25346804.94
BOSagora,BOA,0.0009972,570217.6570218,35329593.54
REVV,REVV,0.0004772,568227.81568228,678214.21
Gari Network,GARI,0.00101,567601.85567602,8385382.95
Linde tokenized stock (xStock),LINX,455.77,567433.65567434,50.01097
GoChain,GO,0.0004231,567115.54567116,160378.81
DOYR,DOYR,0.0005652,565251.66565252,12827882.26
Whales Market,WHALES,0.0217,565155.38565155,3489160.73
Deeper Network,DPR,0.0001717,564834.95564835,35728207.98
DeFinder Capital,DFC,0.02121,563667.53563668,0.0
Algorix,ALOR,0.04499,561455.19561455,11239.69
Ta-da,TADA,0.0008069,560789.42560789,8034799.57
Scamcoin,SCAM,0.0005582,558265.76558266,164466294.58
Rage Guy,RAGE,0.0005672,558240.2655824,1301722.94
Gains,GAINS,0.01172,453664.95453665,9778834.02
MattleFun,MATTLE,0.02592,453631.63453632,21370824.38
Alt.town,TOWN,0.0006334,452915.48452915,384196606.51
ApeBond,ABOND,0.0008123,450687.1450687,83400102.67
Marie Rose,MARIE,0.001067,449132.82449133,43.51
Bloktopia,BLOK,1.808e-05,448478.02448478,671873.71
Orbofi AI,OBI,0.0003126,448270.3344827,1963962.82
Redacted,RDAC,0.002043,447691.65447692,1998973978.43
Dasha,VVAIFU,0.0004473,444372.01444372,207671464.18
TERMINUS,TERMINUS,0.004421,442119.41442119,23407952.94
NULS,NULS,0.003857,440637.85440638,266.64
BizAuto,BIZA,0.0001642,439783.08439783,149909.75
Monsta Infinite,MONI,0.001988,438658.76438659,6498432.67
Astherus,ASTHERUS,0.0004473,437994.48437994,127638285.31
Honeyland,HXD,0.001091,437176.95437177,1973418.07
Agent Virtual Machine,AVM,0.006933,367769.45367769,0.0
Ferro,FER,0.0003941,367572.88367573,106155269.31
Coral Finance,CORL,0.001575,366164.63366165,673192427.19
CBPAY Global,CBPAY,9.918e-05,365070.0436507,0.0
LightLink,LL,0.004425,361404.66361405,25845658.4
JulSwap,JULD,0.0006091,360721.4360721,889314.59
Prism,PRISM,0.0006246,360515.5360515,1167918.69
ritestream,RITE,0.0004191,360490.76360491,45241107.92
K9 Finance,KNINE,0.068915,358636.97358637,4935055.35
Moonveil,MORE,0.001987,357467.6357468,395174198.86
CryptoTradingFund,CTF,0.07564,357270.1735727,296839.23
Rivalz Network,RIZ,0.0003103,357223.94357224,230382742.27
Skibidi Toilet,SKBDI,0.005098,357122.65357123,688335134.99
Bubb,BUBB,0.000357,357006.95357007,2939882.34
Kudai,KUDAI,0.053569,356909.8635691,0.0
OmniFlix Network,FLIX,0.001192,299006.03299006,0.0
CannabisCoin,CANN,0.00093,298659.26298659,0.0
Kimbo,KIMBO,0.054295,298185.75298186,5609013.05
Reddio,RDO,0.0001311,296926.16296926,32944251.26
PlotX,PLOT,0.00445,295154.98295155,0.0
DAFI Protocol,DAFI,0.0002589,294932.06294932,1942975.02
Figma Ord Shs Tokenized Stock (Ondo),FIGon,28.31,294600.79294601,7230505255.39
Memes AI,MemesAI,0.0002945,294515.5294516,101232343.71
Groyper (groypereth.vip),GROYPER,0.00316,293913.61293914,0.0
L7,LSD,0.007146,292580.0529258,4506.48
Vulcan Forged (LAVA),LAVA,0.001179,290016.96290017,0.0
AGON Agent,AGON,0.0002899,289991.96289992,13464.64
Sapo Concho,CONCHO,0.0002895,289388.01289388,16559065.71
Beats on Base,BEATS,0.000447,288279.6628828,38998.72
Wonderman Nation,WNDR,0.01669,237392.44237392,13737822.59
DOGGY,DOGGY,0.0001052,236921.93236922,332.06
TRAVA.FINANCE,TRAVA,5.353e-05,236686.59236687,720111.34
StarryNift,SNIFT,0.000489,236165.27236165,56406115.33
Fly.trade,FLY,0.01751,235493.23235493,697623.98
AppLovin Tokenized Stock (Ondo),APPon,504.98,233429.11233429,97570193.21
AIT Protocol,AIT,0.0007871,233215.82233216,234297.75
Elmo,ELMO,0.000881,233133.96233134,0.0
Polkadex,PDEX,0.02783,232688.75232689,12434446.71
TiFi Token,TIFI,0.08296,232205.57232206,6321.27
Vertex Protocol,VRTX,0.0004394,232188.39232188,0.0
Gremly,$GREMLY,0.095625,231585.73231586,1175820.89
flork cto,FLORK,0.0002456,230630.1723063,79035321.69
Gondola,GONDOLA,0.065642,230524.11230524,0.0
Goldcoin,GLC,0.005269,230200.32302,578109.68
Puffverse,PFVS,0.001607,187416.89187417,320250199.24
Skillful AI,SKAI,0.0005001,187238.09187238,837816.74
Elixir Games,ELIX,0.0007499,184441.78184442,83944111.92
Edwin,EDWIN,0.0001842,184298.37184298,454024.63
Pip,PIP,0.0003372,183789.12183789,19375.74
Humaniq,HMQ,0.0008868,183707.76183708,0.0
OrbitAI,ORBIT,0.01928,183188.11183188,0.0
Baby Grok (babygrok.ai),BABYGROK,0.097589,182687.75182688,18772.47
Clube Atlético Mineiro Fan Token,GALO,0.03873,182388.51182389,12104312.47
Azbit,AZ,0.052601,181485.13181485,0.0
Invest Zone,IVfun,0.0001924,180978.73180979,0.0
X-CASH,XCASH,0.052879,180867.34180867,0.0
CRYPTO20,C20,0.004482,180771.87180772,0.0
extraDNA,XDNA,0.0001516,180426.26180426,0.0
FireStarter,FLAME,0.002627,180074.12180074,11719844.6
OneLedger,OLT,0.0002846,144276.86144277,139433489.91
Darkpino,DPINO,0.0001451,143961.9143962,0.0
Funtico,TICO,6.717e-05,143710.4314371,11389169.53
Refereum,RFR,2.87e-05,143478.16143478,12190424.72
Lou,LOU,0.000143,143074143074.0,0.0
TE-FOOD,TONE,0.0001429,142974.95142975,0.0
The First Youtube Cat,PAJAMAS,0.0001453,142398.47142398,1008269.37
Lympo,LYM,0.0001718,142072.1142072,0.0
Wrapped Dog,WDOG,0.0001422,142297.7142298,119666840.95
Gekko AI,GEKKO,0.0001414,141454.08141454,0.0
Vestate,VES,0.0009816,141063141063.0,5984560.96
Messiah,MSIA,0.01938,140250.4914025,3427176.82
Wall Street Games (old),WSG,0.091535,140057.55140058,0.0
PrompTale AI,TALE,0.00138,139970.2413997,243377176.3
Wat,WAT,0.063316,139506.86139507,0.0
Hivello,HVLO,9.948e-05,107868.64107869,1061791.06
Vibe Cat (Jupiter Studio),VIBE,0.001335,106774.48106774,201317150.78
Altcoin,ALT,0.0001178,106035.03106035,1641531.39
Vulpe Finance,VULPEFI,0.001564,105795.48105795,6744143.11
Aimonica Brands,AIMONICA,0.0001057,105702.63105703,1523131.44
dog with apple in mouth,APPLE,0.0001048,104853.88104854,80581768.48
Infinitar,IGT,0.0002369,104029.5910403,612525.84
CropBytes,CBX,0.0005596,104253.19104253,0.0
Launch Coin on Believe,LAUNCHCOIN,0.0001038,103859.1103859,354534.12
Mars,MARS,0.0001021,102159.32102159,0.0
Solana Swap,SOS,0.0001021,102123.76102124,6236.09
Wicrypt,WNT,0.003906,102048.29102048,8519621.81
FogSwap,FOG,0.0001019,101976.17101976,1797221.76
SOLVE,SOLVE,0.0001445,101169.6110117,50343.01
henlo,HENLO,0.095067,101105.85101106,0.0
Playcent,PCNT,0.002114,77624.9877625,0.0
Project Merlin,MRLN,0.0006987,77393.8977394,14525252.07
MangoMan Intelligent,MMIT,0.092139,77271.2477271,5262.45
Decentral Games ICE,ICE,0.0003399,77042.6777043,0.0
USAcoin,USACOIN,0.003851,77037.0177037,0.0
Kattana,KTN,0.008172,76705.9276706,144871.77
Real Sociedad Fan Token,RSO,0.05878,76543.2176543,0.0
Hawk Tuah (hawktuah.vip),HAWKTUAH,8.897e-05,76407.0476407,1240931.39
Geojam Token,JAM,0.059958,76391.6876392,0.0
Burger Blast Token,BBT,0.0005163,76349.1576349,265265513.68
MAX,MAX,7.631e-05,76300.7276301,4065.32
HumainWeb3,DOME,0.054008,76159.847616,10944327.3
Alpha Arena,ARENA,7.684e-05,76075.1476075,610879.47
Global DePIN Chain,DEEPSEEK,9.625e-05,76037.5376038,3032903.15
CyberFi Token,CFi,0.03157,75771.7575772,0.0
Life Crypto,LIFE,2.154e-05,56677.9556678,17888830.42
DOGEFATHER,DOGEFATHER,5.661e-05,56618.4656618,0.0
Baby Trump (BSC),BABYTRUMP,0.0001275,56511.1956511,0.0
Andy on SOL,ANDY,5.949e-05,56297.8356298,0.0
Cryptic,CT,0.001121,56132.9856133,38073.39
Darwin,DARWIN,0.0001386,55468.1255468,0.0
Stabull Finance,STABUL,0.03757,55465.2855465,370.92
Baby Bonk,BABYBONK,0.0122147,54813.3754813,41614193.82
ZoRobotics,ZORO,0.004407,54690.6154691,112102.54
Lynex,LYNX,0.001869,54535.4154535,2137611.43
Mambo,MAMBO,0.075421,54213.7954214,5269.71
Fuku-Kun,FUKU,0.06168,54084.3254084,0.0
Orion Money,ORION,0.000569,54062.5254063,1241321.81
The Coop Network,GMD,0.0002538,54037.9154038,0.0
KILT Protocol [New],KILT,0.0002811,53918.0553918,0.0
Pengycoin,PENGY,3.544e-05,35291.2435291,194554.87
Decentral Games,DG,0.000188,35173.7335174,0.0
Philosoraptor,RAPTOR,3.561e-05,34672.2734672,8504238.74
Esporte Clube Bahia Fan Token,BAHIA,0.03499,34621.4934621,521.49
April,APRIL,0.0004098,34535.3634535,0.0
Creaticles,CRE8,0.0004422,34520.313452,1198427.09
Coinsbit Token,CNB,2.584e-05,34408.4134408,0.0
