name,height,weight,base_experience,height_m,weight_kg,bmi
bulbasaur,7,69,64.0,0.7,6.9,14.081632653061227
ivysaur,10,130,142.0,1.0,13.0,13.0
venusaur,20,1000,236.0,2.0,100.0,25.0
charmander,6,85,62.0,0.6,8.5,23.61111111111111
charmeleon,11,190,142.0,1.1,19.0,15.702479338842974
charizard,17,905,240.0,1.7,90.5,31.314878892733567
squirtle,5,90,63.0,0.5,9.0,36.0
wartortle,10,225,142.0,1.0,22.5,22.5
blastoise,16,855,239.0,1.6,85.5,33.39843749999999
caterpie,3,29,39.0,0.3,2.9,32.22222222222222
metapod,7,99,72.0,0.7,9.9,20.204081632653065
butterfree,11,320,178.0,1.1,32.0,26.446280991735534
weedle,3,32,39.0,0.3,3.2,35.55555555555556
kakuna,6,100,72.0,0.6,10.0,27.77777777777778
beedrill,10,295,178.0,1.0,29.5,29.5
pidgey,3,18,50.0,0.3,1.8,20.0
pidgeotto,11,300,122.0,1.1,30.0,24.793388429752063
pidgeot,15,395,216.0,1.5,39.5,17.555555555555557
rattata,3,35,51.0,0.3,3.5,38.88888888888889
raticate,7,185,145.0,0.7,18.5,37.75510204081633
spearow,3,20,52.0,0.3,2.0,22.22222222222222
fearow,12,380,155.0,1.2,38.0,26.38888888888889
ekans,20,69,58.0,2.0,6.9,1.725
arbok,35,650,157.0,3.5,65.0,5.3061224489795915
pikachu,4,60,112.0,0.4,6.0,37.49999999999999
raichu,8,300,218.0,0.8,30.0,46.87499999999999
sandshrew,6,120,60.0,0.6,12.0,33.333333333333336
sandslash,10,295,158.0,1.0,29.5,29.5
nidoran-f,4,70,55.0,0.4,7.0,43.74999999999999
nidorina,8,200,128.0,0.8,20.0,31.249999999999993
nidoqueen,13,600,227.0,1.3,60.0,35.50295857988165
nidoran-m,5,90,55.0,0.5,9.0,36.0
nidorino,9,195,128.0,0.9,19.5,24.074074074074073
nidoking,14,620,227.0,1.4,62.0,31.632653061224495
clefairy,6,75,113.0,0.6,7.5,20.833333333333336
clefable,13,400,217.0,1.3,40.0,23.668639053254434
vulpix,6,99,60.0,0.6,9.9,27.500000000000004
ninetales,11,199,177.0,1.1,19.9,16.446280991735534
jigglypuff,5,55,95.0,0.5,5.5,22.0
wigglytuff,10,120,196.0,1.0,12.0,12.0
zubat,8,75,49.0,0.8,7.5,11.718749999999998
golbat,16,550,159.0,1.6,55.0,21.484374999999996
oddish,5,54,64.0,0.5,5.4,21.6
gloom,8,86,138.0,0.8,8.6,13.437499999999996
vileplume,12,186,221.0,1.2,18.6,12.916666666666668
paras,3,54,57.0,0.3,5.4,60.00000000000001
parasect,10,295,142.0,1.0,29.5,29.5
venonat,10,300,61.0,1.0,30.0,30.0
venomoth,15,125,158.0,1.5,12.5,5.555555555555555
diglett,2,8,53.0,0.2,0.8,19.999999999999996
dugtrio,7,333,149.0,0.7,33.3,67.9591836734694
meowth,4,42,58.0,0.4,4.2,26.249999999999996
persian,10,320,154.0,1.0,32.0,32.0
psyduck,8,196,64.0,0.8,19.6,30.624999999999996
golduck,17,766,175.0,1.7,76.6,26.505190311418687
mankey,5,280,61.0,0.5,28.0,112.0
primeape,10,320,159.0,1.0,32.0,32.0
growlithe,7,190,70.0,0.7,19.0,38.77551020408164
arcanine,19,1550,194.0,1.9,155.0,42.93628808864266
poliwag,6,124,60.0,0.6,12.4,34.44444444444445
poliwhirl,10,200,135.0,1.0,20.0,20.0
poliwrath,13,540,230.0,1.3,54.0,31.95266272189349
abra,9,195,62.0,0.9,19.5,24.074074074074073
kadabra,13,565,140.0,1.3,56.5,33.43195266272189
alakazam,15,480,225.0,1.5,48.0,21.333333333333332
machop,8,195,61.0,0.8,19.5,30.468749999999993
machoke,15,705,142.0,1.5,70.5,31.333333333333332
machamp,16,1300,227.0,1.6,130.0,50.78124999999999
bellsprout,7,40,60.0,0.7,4.0,8.163265306122451
weepinbell,10,64,137.0,1.0,6.4,6.4
victreebel,17,155,221.0,1.7,15.5,5.363321799307959
tentacool,9,455,67.0,0.9,45.5,56.172839506172835
tentacruel,16,550,180.0,1.6,55.0,21.484374999999996
geodude,4,200,60.0,0.4,20.0,124.99999999999997
graveler,10,1050,137.0,1.0,105.0,105.0
golem,14,3000,223.0,1.4,300.0,153.06122448979593
ponyta,10,300,82.0,1.0,30.0,30.0
rapidash,17,950,175.0,1.7,95.0,32.871972318339104
slowpoke,12,360,63.0,1.2,36.0,25.0
slowbro,16,785,172.0,1.6,78.5,30.664062499999993
magnemite,3,60,65.0,0.3,6.0,66.66666666666667
magneton,10,600,163.0,1.0,60.0,60.0
farfetchd,8,150,132.0,0.8,15.0,23.437499999999996
doduo,14,392,62.0,1.4,39.2,20.000000000000004
dodrio,18,852,165.0,1.8,85.2,26.296296296296294
seel,11,900,65.0,1.1,90.0,74.38016528925618
dewgong,17,1200,166.0,1.7,120.0,41.52249134948097
grimer,9,300,65.0,0.9,30.0,37.03703703703704
muk,12,300,175.0,1.2,30.0,20.833333333333336
shellder,3,40,61.0,0.3,4.0,44.44444444444444
cloyster,15,1325,184.0,1.5,132.5,58.888888888888886
gastly,13,1,62.0,1.3,0.1,0.05917159763313609
haunter,16,1,142.0,1.6,0.1,0.03906249999999999
gengar,15,405,225.0,1.5,40.5,18.0
onix,88,2100,77.0,8.8,210.0,2.711776859504132
drowzee,10,324,66.0,1.0,32.4,32.4
hypno,16,756,169.0,1.6,75.6,29.531249999999993
krabby,4,65,65.0,0.4,6.5,40.62499999999999
kingler,13,600,166.0,1.3,60.0,35.50295857988165
voltorb,5,104,66.0,0.5,10.4,41.6
electrode,12,666,172.0,1.2,66.6,46.25
exeggcute,4,25,65.0,0.4,2.5,15.624999999999996
exeggutor,20,1200,186.0,2.0,120.0,30.0
cubone,4,65,64.0,0.4,6.5,40.62499999999999
marowak,10,450,149.0,1.0,45.0,45.0
hitmonlee,15,498,159.0,1.5,49.8,22.133333333333333
hitmonchan,14,502,159.0,1.4,50.2,25.61224489795919
lickitung,12,655,77.0,1.2,65.5,45.486111111111114
koffing,6,10,68.0,0.6,1.0,2.7777777777777777
weezing,12,95,172.0,1.2,9.5,6.597222222222222
rhyhorn,10,1150,69.0,1.0,115.0,115.0
rhydon,19,1200,170.0,1.9,120.0,33.2409972299169
chansey,11,346,395.0,1.1,34.6,28.595041322314046
tangela,10,350,87.0,1.0,35.0,35.0
kangaskhan,22,800,172.0,2.2,80.0,16.52892561983471
horsea,4,80,59.0,0.4,8.0,49.99999999999999
seadra,12,250,154.0,1.2,25.0,17.36111111111111
goldeen,6,150,64.0,0.6,15.0,41.66666666666667
seaking,13,390,158.0,1.3,39.0,23.076923076923073
staryu,8,345,68.0,0.8,34.5,53.90624999999999
starmie,11,800,182.0,1.1,80.0,66.11570247933884
mr-mime,13,545,161.0,1.3,54.5,32.24852071005917
scyther,15,560,100.0,1.5,56.0,24.88888888888889
jynx,14,406,159.0,1.4,40.6,20.71428571428572
electabuzz,11,300,172.0,1.1,30.0,24.793388429752063
magmar,13,445,173.0,1.3,44.5,26.33136094674556
pinsir,15,550,175.0,1.5,55.0,24.444444444444443
tauros,14,884,172.0,1.4,88.4,45.10204081632654
magikarp,9,100,40.0,0.9,10.0,12.345679012345679
gyarados,65,2350,189.0,6.5,235.0,5.562130177514793
lapras,25,2200,187.0,2.5,220.0,35.2
ditto,3,40,101.0,0.3,4.0,44.44444444444444
eevee,3,65,65.0,0.3,6.5,72.22222222222223
vaporeon,10,290,184.0,1.0,29.0,29.0
jolteon,8,245,184.0,0.8,24.5,38.28124999999999
flareon,9,250,184.0,0.9,25.0,30.864197530864196
porygon,8,365,79.0,0.8,36.5,57.031249999999986
omanyte,4,75,71.0,0.4,7.5,46.87499999999999
omastar,10,350,173.0,1.0,35.0,35.0
kabuto,5,115,71.0,0.5,11.5,46.0
kabutops,13,405,173.0,1.3,40.5,23.964497041420117
aerodactyl,18,590,180.0,1.8,59.0,18.209876543209877
snorlax,21,4600,189.0,2.1,460.0,104.30839002267574
articuno,17,554,261.0,1.7,55.4,19.169550173010382
zapdos,16,526,261.0,1.6,52.6,20.546874999999996
moltres,20,600,261.0,2.0,60.0,15.0
dratini,18,33,60.0,1.8,3.3,1.0185185185185184
dragonair,40,165,147.0,4.0,16.5,1.03125
dragonite,22,2100,270.0,2.2,210.0,43.38842975206611
mewtwo,20,1220,306.0,2.0,122.0,30.5
mew,4,40,270.0,0.4,4.0,24.999999999999996
chikorita,9,64,64.0,0.9,6.4,7.901234567901234
bayleef,12,158,142.0,1.2,15.8,10.972222222222223
meganium,18,1005,236.0,1.8,100.5,31.018518518518515
cyndaquil,5,79,62.0,0.5,7.9,31.6
quilava,9,190,142.0,0.9,19.0,23.456790123456788
typhlosion,17,795,240.0,1.7,79.5,27.508650519031146
totodile,6,95,63.0,0.6,9.5,26.38888888888889
croconaw,11,250,142.0,1.1,25.0,20.661157024793386
feraligatr,23,888,239.0,2.3,88.8,16.78638941398866
sentret,8,60,43.0,0.8,6.0,9.374999999999998
furret,18,325,145.0,1.8,32.5,10.030864197530864
hoothoot,7,212,52.0,0.7,21.2,43.26530612244898
noctowl,16,408,158.0,1.6,40.8,15.937499999999996
ledyba,10,108,53.0,1.0,10.8,10.8
ledian,14,356,137.0,1.4,35.6,18.16326530612245
spinarak,5,85,50.0,0.5,8.5,34.0
ariados,11,335,140.0,1.1,33.5,27.685950413223136
crobat,18,750,241.0,1.8,75.0,23.148148148148145
chinchou,5,120,66.0,0.5,12.0,48.0
lanturn,12,225,161.0,1.2,22.5,15.625
pichu,3,20,41.0,0.3,2.0,22.22222222222222
cleffa,3,30,44.0,0.3,3.0,33.333333333333336
igglybuff,3,10,42.0,0.3,1.0,11.11111111111111
togepi,3,15,49.0,0.3,1.5,16.666666666666668
togetic,6,32,142.0,0.6,3.2,8.88888888888889
natu,2,20,64.0,0.2,2.0,49.99999999999999
xatu,15,150,165.0,1.5,15.0,6.666666666666667
mareep,6,78,56.0,0.6,7.8,21.666666666666668
flaaffy,8,133,128.0,0.8,13.3,20.781249999999996
ampharos,14,615,230.0,1.4,61.5,31.377551020408166
bellossom,4,58,221.0,0.4,5.8,36.24999999999999
marill,4,85,88.0,0.4,8.5,53.12499999999999
azumarill,8,285,189.0,0.8,28.5,44.53124999999999
sudowoodo,12,380,144.0,1.2,38.0,26.38888888888889
politoed,11,339,225.0,1.1,33.9,28.01652892561983
hoppip,4,5,50.0,0.4,0.5,3.1249999999999996
skiploom,6,10,119.0,0.6,1.0,2.7777777777777777
jumpluff,8,30,207.0,0.8,3.0,4.687499999999999
aipom,8,115,72.0,0.8,11.5,17.968749999999996
sunkern,3,18,36.0,0.3,1.8,20.0
sunflora,8,85,149.0,0.8,8.5,13.281249999999998
yanma,12,380,78.0,1.2,38.0,26.38888888888889
wooper,4,85,42.0,0.4,8.5,53.12499999999999
quagsire,14,750,151.0,1.4,75.0,38.26530612244898
espeon,9,265,184.0,0.9,26.5,32.716049382716044
umbreon,10,270,184.0,1.0,27.0,27.0
murkrow,5,21,81.0,0.5,2.1,8.4
slowking,20,795,172.0,2.0,79.5,19.875
misdreavus,7,10,87.0,0.7,1.0,2.0408163265306127
unown,5,50,118.0,0.5,5.0,20.0
wobbuffet,13,285,142.0,1.3,28.5,16.863905325443785
girafarig,15,415,159.0,1.5,41.5,18.444444444444443
pineco,6,72,58.0,0.6,7.2,20.0
forretress,12,1258,163.0,1.2,125.8,87.36111111111111
dunsparce,15,140,145.0,1.5,14.0,6.222222222222222
gligar,11,648,86.0,1.1,64.8,53.55371900826445
steelix,92,4000,179.0,9.2,400.0,4.725897920604916
snubbull,6,78,60.0,0.6,7.8,21.666666666666668
granbull,14,487,158.0,1.4,48.7,24.84693877551021
qwilfish,5,39,88.0,0.5,3.9,15.6
scizor,18,1180,175.0,1.8,118.0,36.41975308641975
shuckle,6,205,177.0,0.6,20.5,56.94444444444445
heracross,15,540,175.0,1.5,54.0,24.0
sneasel,9,280,86.0,0.9,28.0,34.5679012345679
teddiursa,6,88,66.0,0.6,8.8,24.444444444444446
ursaring,18,1258,175.0,1.8,125.8,38.82716049382716
slugma,7,350,50.0,0.7,35.0,71.42857142857144
magcargo,8,550,151.0,0.8,55.0,85.93749999999999
swinub,4,65,50.0,0.4,6.5,40.62499999999999
piloswine,11,558,158.0,1.1,55.8,46.115702479338836
corsola,6,50,144.0,0.6,5.0,13.88888888888889
remoraid,6,120,60.0,0.6,12.0,33.333333333333336
octillery,9,285,168.0,0.9,28.5,35.18518518518518
delibird,9,160,116.0,0.9,16.0,19.753086419753085
mantine,21,2200,170.0,2.1,220.0,49.88662131519274
skarmory,17,505,163.0,1.7,50.5,17.474048442906575
houndour,6,108,66.0,0.6,10.8,30.000000000000004
houndoom,14,350,175.0,1.4,35.0,17.85714285714286
kingdra,18,1520,243.0,1.8,152.0,46.913580246913575
phanpy,5,335,66.0,0.5,33.5,134.0
donphan,11,1200,175.0,1.1,120.0,99.17355371900825
porygon2,6,325,180.0,0.6,32.5,90.27777777777779
stantler,14,712,163.0,1.4,71.2,36.3265306122449
smeargle,12,580,88.0,1.2,58.0,40.27777777777778
tyrogue,7,210,42.0,0.7,21.0,42.85714285714286
hitmontop,14,480,159.0,1.4,48.0,24.48979591836735
smoochum,4,60,61.0,0.4,6.0,37.49999999999999
elekid,6,235,72.0,0.6,23.5,65.27777777777779
magby,7,214,73.0,0.7,21.4,43.673469387755105
miltank,12,755,172.0,1.2,75.5,52.43055555555556
blissey,15,468,608.0,1.5,46.8,20.799999999999997
raikou,19,1780,261.0,1.9,178.0,49.307479224376735
entei,21,1980,261.0,2.1,198.0,44.89795918367347
suicune,20,1870,261.0,2.0,187.0,46.75
larvitar,6,720,60.0,0.6,72.0,200.0
pupitar,12,1520,144.0,1.2,152.0,105.55555555555556
tyranitar,20,2020,270.0,2.0,202.0,50.5
lugia,52,2160,306.0,5.2,216.0,7.988165680473372
ho-oh,38,1990,306.0,3.8,199.0,13.781163434903048
celebi,6,50,270.0,0.6,5.0,13.88888888888889
treecko,5,50,62.0,0.5,5.0,20.0
grovyle,9,216,142.0,0.9,21.6,26.666666666666668
sceptile,17,522,239.0,1.7,52.2,18.062283737024224
torchic,4,25,62.0,0.4,2.5,15.624999999999996
combusken,9,195,142.0,0.9,19.5,24.074074074074073
blaziken,19,520,239.0,1.9,52.0,14.40443213296399
mudkip,4,76,62.0,0.4,7.6,47.499999999999986
marshtomp,7,280,142.0,0.7,28.0,57.14285714285715
swampert,15,819,241.0,1.5,81.9,36.400000000000006
poochyena,5,136,56.0,0.5,13.6,54.4
mightyena,10,370,147.0,1.0,37.0,37.0
zigzagoon,4,175,56.0,0.4,17.5,109.37499999999999
linoone,5,325,147.0,0.5,32.5,130.0
wurmple,3,36,56.0,0.3,3.6,40.0
silcoon,6,100,72.0,0.6,10.0,27.77777777777778
beautifly,10,284,178.0,1.0,28.4,28.4
cascoon,7,115,72.0,0.7,11.5,23.469387755102044
dustox,12,316,173.0,1.2,31.6,21.944444444444446
lotad,5,26,44.0,0.5,2.6,10.4
lombre,12,325,119.0,1.2,32.5,22.569444444444446
ludicolo,15,550,216.0,1.5,55.0,24.444444444444443
seedot,5,40,44.0,0.5,4.0,16.0
nuzleaf,10,280,119.0,1.0,28.0,28.0
shiftry,13,596,216.0,1.3,59.6,35.26627218934911
taillow,3,23,54.0,0.3,2.3,25.555555555555554
swellow,7,198,159.0,0.7,19.8,40.40816326530613
wingull,6,95,54.0,0.6,9.5,26.38888888888889
pelipper,12,280,154.0,1.2,28.0,19.444444444444446
ralts,4,66,40.0,0.4,6.6,41.24999999999999
kirlia,8,202,97.0,0.8,20.2,31.562499999999993
gardevoir,16,484,233.0,1.6,48.4,18.906249999999996
surskit,5,17,54.0,0.5,1.7,6.8
masquerain,8,36,159.0,0.8,3.6,5.624999999999999
shroomish,4,45,59.0,0.4,4.5,28.124999999999993
breloom,12,392,161.0,1.2,39.2,27.222222222222225
slakoth,8,240,56.0,0.8,24.0,37.49999999999999
vigoroth,14,465,154.0,1.4,46.5,23.72448979591837
slaking,20,1305,252.0,2.0,130.5,32.625
nincada,5,55,53.0,0.5,5.5,22.0
ninjask,8,120,160.0,0.8,12.0,18.749999999999996
shedinja,8,12,83.0,0.8,1.2,1.8749999999999996
whismur,6,163,48.0,0.6,16.3,45.27777777777778
loudred,10,405,126.0,1.0,40.5,40.5
exploud,15,840,221.0,1.5,84.0,37.333333333333336
makuhita,10,864,47.0,1.0,86.4,86.4
hariyama,23,2538,166.0,2.3,253.8,47.977315689981104
azurill,2,20,38.0,0.2,2.0,49.99999999999999
nosepass,10,970,75.0,1.0,97.0,97.0
skitty,6,110,52.0,0.6,11.0,30.555555555555557
delcatty,11,326,140.0,1.1,32.6,26.942148760330575
sableye,5,110,133.0,0.5,11.0,44.0
mawile,6,115,133.0,0.6,11.5,31.944444444444446
aron,4,600,66.0,0.4,60.0,374.99999999999994
lairon,9,1200,151.0,0.9,120.0,148.14814814814815
aggron,21,3600,239.0,2.1,360.0,81.63265306122449
meditite,6,112,56.0,0.6,11.2,31.11111111111111
medicham,13,315,144.0,1.3,31.5,18.63905325443787
electrike,6,152,59.0,0.6,15.2,42.22222222222222
manectric,15,402,166.0,1.5,40.2,17.866666666666667
plusle,4,42,142.0,0.4,4.2,26.249999999999996
minun,4,42,142.0,0.4,4.2,26.249999999999996
volbeat,7,177,151.0,0.7,17.7,36.12244897959184
illumise,6,177,151.0,0.6,17.7,49.166666666666664
roselia,3,20,140.0,0.3,2.0,22.22222222222222
gulpin,4,103,60.0,0.4,10.3,64.37499999999999
swalot,17,800,163.0,1.7,80.0,27.68166089965398
carvanha,8,208,61.0,0.8,20.8,32.49999999999999
sharpedo,18,888,161.0,1.8,88.8,27.407407407407405
wailmer,20,1300,80.0,2.0,130.0,32.5
wailord,145,3980,175.0,14.5,398.0,1.8929845422116527
numel,7,240,61.0,0.7,24.0,48.9795918367347
camerupt,19,2200,161.0,1.9,220.0,60.94182825484765
torkoal,5,804,165.0,0.5,80.4,321.6
spoink,7,306,66.0,0.7,30.6,62.448979591836746
grumpig,9,715,165.0,0.9,71.5,88.2716049382716
spinda,11,50,126.0,1.1,5.0,4.132231404958677
trapinch,7,150,58.0,0.7,15.0,30.612244897959187
vibrava,11,153,119.0,1.1,15.3,12.644628099173552
flygon,20,820,234.0,2.0,82.0,20.5
cacnea,4,513,67.0,0.4,51.3,320.62499999999994
cacturne,13,774,166.0,1.3,77.4,45.798816568047336
swablu,4,12,62.0,0.4,1.2,7.499999999999998
altaria,11,206,172.0,1.1,20.6,17.02479338842975
zangoose,13,403,160.0,1.3,40.3,23.846153846153843
seviper,27,525,160.0,2.7,52.5,7.201646090534979
lunatone,10,1680,161.0,1.0,168.0,168.0
solrock,12,1540,161.0,1.2,154.0,106.94444444444444
barboach,4,19,58.0,0.4,1.9,11.874999999999996
whiscash,9,236,164.0,0.9,23.6,29.135802469135804
corphish,6,115,62.0,0.6,11.5,31.944444444444446
crawdaunt,11,328,164.0,1.1,32.8,27.10743801652892
baltoy,5,215,60.0,0.5,21.5,86.0
claydol,15,1080,175.0,1.5,108.0,48.0
lileep,10,238,71.0,1.0,23.8,23.8
cradily,15,604,173.0,1.5,60.4,26.844444444444445
anorith,7,125,71.0,0.7,12.5,25.510204081632658
armaldo,15,682,173.0,1.5,68.2,30.311111111111114
feebas,6,74,40.0,0.6,7.4,20.555555555555557
milotic,62,1620,189.0,6.2,162.0,4.2143600416233085
castform,3,8,147.0,0.3,0.8,8.88888888888889
kecleon,10,220,154.0,1.0,22.0,22.0
shuppet,6,23,59.0,0.6,2.3,6.388888888888888
banette,11,125,159.0,1.1,12.5,10.330578512396693
duskull,8,150,59.0,0.8,15.0,23.437499999999996
dusclops,16,306,159.0,1.6,30.6,11.953124999999998
tropius,20,1000,161.0,2.0,100.0,25.0
chimecho,6,10,159.0,0.6,1.0,2.7777777777777777
absol,12,470,163.0,1.2,47.0,32.63888888888889
wynaut,6,140,52.0,0.6,14.0,38.88888888888889
snorunt,7,168,60.0,0.7,16.8,34.28571428571429
glalie,15,2565,168.0,1.5,256.5,114.0
spheal,8,395,58.0,0.8,39.5,61.718749999999986
sealeo,11,876,144.0,1.1,87.6,72.39669421487602
walrein,14,1506,239.0,1.4,150.6,76.83673469387756
clamperl,4,525,69.0,0.4,52.5,328.12499999999994
huntail,17,270,170.0,1.7,27.0,9.34256055363322
gorebyss,18,226,170.0,1.8,22.6,6.9753086419753085
relicanth,10,234,170.0,1.0,23.4,23.4
luvdisc,6,87,116.0,0.6,8.7,24.166666666666664
bagon,6,421,60.0,0.6,42.1,116.94444444444446
shelgon,11,1105,147.0,1.1,110.5,91.32231404958677
salamence,15,1026,270.0,1.5,102.6,45.599999999999994
beldum,6,952,60.0,0.6,95.2,264.44444444444446
metang,12,2025,147.0,1.2,202.5,140.625
metagross,16,5500,270.0,1.6,550.0,214.84374999999997
regirock,17,2300,261.0,1.7,230.0,79.5847750865052
regice,18,1750,261.0,1.8,175.0,54.01234567901234
registeel,19,2050,261.0,1.9,205.0,56.78670360110804
latias,14,400,270.0,1.4,40.0,20.408163265306126
latios,20,600,270.0,2.0,60.0,15.0
kyogre,45,3520,302.0,4.5,352.0,17.382716049382715
groudon,35,9500,302.0,3.5,950.0,77.55102040816327
rayquaza,70,2065,306.0,7.0,206.5,4.214285714285714
jirachi,3,11,270.0,0.3,1.1,12.222222222222223
deoxys-normal,17,608,270.0,1.7,60.8,21.038062283737027
turtwig,4,102,64.0,0.4,10.2,63.749999999999986
grotle,11,970,142.0,1.1,97.0,80.16528925619834
torterra,22,3100,236.0,2.2,310.0,64.0495867768595
chimchar,5,62,62.0,0.5,6.2,24.8
monferno,9,220,142.0,0.9,22.0,27.160493827160494
infernape,12,550,240.0,1.2,55.0,38.19444444444444
piplup,4,52,63.0,0.4,5.2,32.49999999999999
prinplup,8,230,142.0,0.8,23.0,35.93749999999999
empoleon,17,845,239.0,1.7,84.5,29.238754325259517
starly,3,20,49.0,0.3,2.0,22.22222222222222
staravia,6,155,119.0,0.6,15.5,43.05555555555556
staraptor,12,249,218.0,1.2,24.9,17.291666666666668
bidoof,5,200,50.0,0.5,20.0,80.0
bibarel,10,315,144.0,1.0,31.5,31.5
kricketot,3,22,39.0,0.3,2.2,24.444444444444446
kricketune,10,255,134.0,1.0,25.5,25.5
shinx,5,95,53.0,0.5,9.5,38.0
luxio,9,305,127.0,0.9,30.5,37.654320987654316
luxray,14,420,235.0,1.4,42.0,21.42857142857143
budew,2,12,56.0,0.2,1.2,29.999999999999993
roserade,9,145,232.0,0.9,14.5,17.901234567901234
cranidos,9,315,70.0,0.9,31.5,38.888888888888886
rampardos,16,1025,173.0,1.6,102.5,40.03906249999999
shieldon,5,570,70.0,0.5,57.0,228.0
bastiodon,13,1495,173.0,1.3,149.5,88.46153846153845
burmy,2,34,45.0,0.2,3.4,84.99999999999999
wormadam-plant,5,65,148.0,0.5,6.5,26.0
mothim,9,233,148.0,0.9,23.3,28.76543209876543
combee,3,55,49.0,0.3,5.5,61.111111111111114
vespiquen,12,385,166.0,1.2,38.5,26.73611111111111
pachirisu,4,39,142.0,0.4,3.9,24.374999999999996
buizel,7,295,66.0,0.7,29.5,60.20408163265307
floatzel,11,335,173.0,1.1,33.5,27.685950413223136
cherubi,4,33,55.0,0.4,3.3,20.624999999999996
cherrim,5,93,158.0,0.5,9.3,37.2
shellos,3,63,65.0,0.3,6.3,70.0
gastrodon,9,299,166.0,0.9,29.9,36.913580246913575
ambipom,12,203,169.0,1.2,20.3,14.097222222222223
drifloon,4,12,70.0,0.4,1.2,7.499999999999998
drifblim,12,150,174.0,1.2,15.0,10.416666666666668
buneary,4,55,70.0,0.4,5.5,34.37499999999999
lopunny,12,333,168.0,1.2,33.3,23.125
mismagius,9,44,173.0,0.9,4.4,5.432098765432099
honchkrow,9,273,177.0,0.9,27.3,33.7037037037037
glameow,5,39,62.0,0.5,3.9,15.6
purugly,10,438,158.0,1.0,43.8,43.8
chingling,2,6,57.0,0.2,0.6,14.999999999999996
stunky,4,192,66.0,0.4,19.2,119.99999999999997
skuntank,10,380,168.0,1.0,38.0,38.0
bronzor,5,605,60.0,0.5,60.5,242.0
bronzong,13,1870,175.0,1.3,187.0,110.65088757396448
bonsly,5,150,58.0,0.5,15.0,60.0
mime-jr,6,130,62.0,0.6,13.0,36.111111111111114
happiny,6,244,110.0,0.6,24.4,67.77777777777777
chatot,5,19,144.0,0.5,1.9,7.6
spiritomb,10,1080,170.0,1.0,108.0,108.0
gible,7,205,60.0,0.7,20.5,41.83673469387756
gabite,14,560,144.0,1.4,56.0,28.571428571428577
garchomp,19,950,270.0,1.9,95.0,26.315789473684212
munchlax,6,1050,78.0,0.6,105.0,291.6666666666667
riolu,7,202,57.0,0.7,20.2,41.22448979591837
lucario,12,540,184.0,1.2,54.0,37.5
hippopotas,8,495,66.0,0.8,49.5,77.34374999999999
hippowdon,20,3000,184.0,2.0,300.0,75.0
skorupi,8,120,66.0,0.8,12.0,18.749999999999996
drapion,13,615,175.0,1.3,61.5,36.390532544378694
croagunk,7,230,60.0,0.7,23.0,46.93877551020409
toxicroak,13,444,172.0,1.3,44.4,26.272189349112423
carnivine,14,270,159.0,1.4,27.0,13.775510204081634
finneon,4,70,66.0,0.4,7.0,43.74999999999999
lumineon,12,240,161.0,1.2,24.0,16.666666666666668
mantyke,10,650,69.0,1.0,65.0,65.0
snover,10,505,67.0,1.0,50.5,50.5
abomasnow,22,1355,173.0,2.2,135.5,27.995867768595037
weavile,11,340,179.0,1.1,34.0,28.099173553719005
magnezone,12,1800,241.0,1.2,180.0,125.0
lickilicky,17,1400,180.0,1.7,140.0,48.44290657439447
rhyperior,24,2828,241.0,2.4,282.8,49.09722222222223
tangrowth,20,1286,187.0,2.0,128.6,32.15
electivire,18,1386,243.0,1.8,138.6,42.77777777777777
magmortar,16,680,243.0,1.6,68.0,26.562499999999996
togekiss,15,380,245.0,1.5,38.0,16.88888888888889
yanmega,19,515,180.0,1.9,51.5,14.265927977839336
leafeon,10,255,184.0,1.0,25.5,25.5
glaceon,8,259,184.0,0.8,25.9,40.46874999999999
gliscor,20,425,179.0,2.0,42.5,10.625
mamoswine,25,2910,239.0,2.5,291.0,46.56
porygon-z,9,340,241.0,0.9,34.0,41.9753086419753
gallade,16,520,233.0,1.6,52.0,20.312499999999996
probopass,14,3400,184.0,1.4,340.0,173.46938775510208
dusknoir,22,1066,236.0,2.2,106.6,22.024793388429746
froslass,13,266,168.0,1.3,26.6,15.7396449704142
rotom,3,3,154.0,0.3,0.3,3.3333333333333335
uxie,3,3,261.0,0.3,0.3,3.3333333333333335
mesprit,3,3,261.0,0.3,0.3,3.3333333333333335
azelf,3,3,261.0,0.3,0.3,3.3333333333333335
dialga,54,6830,306.0,5.4,683.0,23.422496570644714
palkia,42,3360,306.0,4.2,336.0,19.047619047619047
heatran,17,4300,270.0,1.7,430.0,148.78892733564015
regigigas,37,4200,302.0,3.7,420.0,30.67932797662527
giratina-altered,45,7500,306.0,4.5,750.0,37.03703703703704
cresselia,15,856,270.0,1.5,85.6,38.044444444444444
phione,4,31,216.0,0.4,3.1,19.374999999999996
manaphy,3,14,270.0,0.3,1.4,15.555555555555555
darkrai,15,505,270.0,1.5,50.5,22.444444444444443
shaymin-land,2,21,270.0,0.2,2.1,52.49999999999999
arceus,32,3200,324.0,3.2,320.0,31.249999999999993
victini,4,40,270.0,0.4,4.0,24.999999999999996
snivy,6,81,62.0,0.6,8.1,22.5
servine,8,160,145.0,0.8,16.0,24.999999999999996
serperior,33,630,238.0,3.3,63.0,5.785123966942149
tepig,5,99,62.0,0.5,9.9,39.6
pignite,10,555,146.0,1.0,55.5,55.5
emboar,16,1500,238.0,1.6,150.0,58.593749999999986
oshawott,5,59,62.0,0.5,5.9,23.6
dewott,8,245,145.0,0.8,24.5,38.28124999999999
samurott,15,946,238.0,1.5,94.6,42.044444444444444
patrat,5,116,51.0,0.5,11.6,46.4
watchog,11,270,147.0,1.1,27.0,22.314049586776857
lillipup,4,41,55.0,0.4,4.1,25.624999999999993
herdier,9,147,130.0,0.9,14.7,18.148148148148145
stoutland,12,610,225.0,1.2,61.0,42.361111111111114
purrloin,4,101,56.0,0.4,10.1,63.124999999999986
liepard,11,375,156.0,1.1,37.5,30.991735537190078
pansage,6,105,63.0,0.6,10.5,29.166666666666668
simisage,11,305,174.0,1.1,30.5,25.20661157024793
pansear,6,110,63.0,0.6,11.0,30.555555555555557
simisear,10,280,174.0,1.0,28.0,28.0
panpour,6,135,63.0,0.6,13.5,37.5
simipour,10,290,174.0,1.0,29.0,29.0
munna,6,233,58.0,0.6,23.3,64.72222222222223
musharna,11,605,170.0,1.1,60.5,49.99999999999999
pidove,3,21,53.0,0.3,2.1,23.333333333333336
tranquill,6,150,125.0,0.6,15.0,41.66666666666667
unfezant,12,290,220.0,1.2,29.0,20.13888888888889
blitzle,8,298,59.0,0.8,29.8,46.56249999999999
zebstrika,16,795,174.0,1.6,79.5,31.054687499999993
roggenrola,4,180,56.0,0.4,18.0,112.49999999999997
boldore,9,1020,137.0,0.9,102.0,125.92592592592592
gigalith,17,2600,232.0,1.7,260.0,89.96539792387544
woobat,4,21,65.0,0.4,2.1,13.124999999999998
swoobat,9,105,149.0,0.9,10.5,12.962962962962962
drilbur,3,85,66.0,0.3,8.5,94.44444444444444
excadrill,7,404,178.0,0.7,40.4,82.44897959183675
audino,11,310,390.0,1.1,31.0,25.6198347107438
timburr,6,125,61.0,0.6,12.5,34.72222222222222
gurdurr,12,400,142.0,1.2,40.0,27.77777777777778
conkeldurr,14,870,227.0,1.4,87.0,44.38775510204082
tympole,5,45,59.0,0.5,4.5,18.0
palpitoad,8,170,134.0,0.8,17.0,26.562499999999996
seismitoad,15,620,229.0,1.5,62.0,27.555555555555557
throh,13,555,163.0,1.3,55.5,32.840236686390526
sawk,14,510,163.0,1.4,51.0,26.02040816326531
sewaddle,3,25,62.0,0.3,2.5,27.77777777777778
swadloon,5,73,133.0,0.5,7.3,29.2
leavanny,12,205,225.0,1.2,20.5,14.236111111111112
venipede,4,53,52.0,0.4,5.3,33.12499999999999
whirlipede,12,585,126.0,1.2,58.5,40.625
scolipede,25,2005,218.0,2.5,200.5,32.08
cottonee,3,6,56.0,0.3,0.6,6.666666666666667
whimsicott,7,66,168.0,0.7,6.6,13.469387755102042
petilil,5,66,56.0,0.5,6.6,26.4
lilligant,11,163,168.0,1.1,16.3,13.471074380165287
basculin-red-striped,10,180,161.0,1.0,18.0,18.0
sandile,7,152,58.0,0.7,15.2,31.02040816326531
krokorok,10,334,123.0,1.0,33.4,33.4
krookodile,15,963,234.0,1.5,96.3,42.8
darumaka,6,375,63.0,0.6,37.5,104.16666666666667
darmanitan-standard,13,929,168.0,1.3,92.9,54.97041420118343
maractus,10,280,161.0,1.0,28.0,28.0
dwebble,3,145,65.0,0.3,14.5,161.11111111111111
crustle,14,2000,170.0,1.4,200.0,102.04081632653063
scraggy,6,118,70.0,0.6,11.8,32.77777777777778
scrafty,11,300,171.0,1.1,30.0,24.793388429752063
sigilyph,14,140,172.0,1.4,14.0,7.142857142857144
yamask,5,15,61.0,0.5,1.5,6.0
cofagrigus,17,765,169.0,1.7,76.5,26.47058823529412
tirtouga,7,165,71.0,0.7,16.5,33.673469387755105
carracosta,12,810,173.0,1.2,81.0,56.25
archen,5,95,71.0,0.5,9.5,38.0
archeops,14,320,177.0,1.4,32.0,16.326530612244902
trubbish,6,310,66.0,0.6,31.0,86.11111111111111
garbodor,19,1073,166.0,1.9,107.3,29.722991689750693
zorua,7,125,66.0,0.7,12.5,25.510204081632658
zoroark,16,811,179.0,1.6,81.1,31.679687499999993
minccino,4,58,60.0,0.4,5.8,36.24999999999999
cinccino,5,75,165.0,0.5,7.5,30.0
gothita,4,58,58.0,0.4,5.8,36.24999999999999
gothorita,7,180,137.0,0.7,18.0,36.734693877551024
gothitelle,15,440,221.0,1.5,44.0,19.555555555555557
solosis,3,10,58.0,0.3,1.0,11.11111111111111
duosion,6,80,130.0,0.6,8.0,22.22222222222222
reuniclus,10,201,221.0,1.0,20.1,20.1
ducklett,5,55,61.0,0.5,5.5,22.0
swanna,13,242,166.0,1.3,24.2,14.319526627218933
vanillite,4,57,61.0,0.4,5.7,35.62499999999999
vanillish,11,410,138.0,1.1,41.0,33.88429752066115
vanilluxe,13,575,241.0,1.3,57.5,34.02366863905325
deerling,6,195,67.0,0.6,19.5,54.16666666666667
sawsbuck,19,925,166.0,1.9,92.5,25.623268698060944
emolga,4,50,150.0,0.4,5.0,31.249999999999993
karrablast,5,59,63.0,0.5,5.9,23.6
escavalier,10,330,173.0,1.0,33.0,33.0
foongus,2,10,59.0,0.2,1.0,24.999999999999996
amoonguss,6,105,162.0,0.6,10.5,29.166666666666668
frillish,12,330,67.0,1.2,33.0,22.916666666666668
jellicent,22,1350,168.0,2.2,135.0,27.89256198347107
alomomola,12,316,165.0,1.2,31.6,21.944444444444446
joltik,1,6,64.0,0.1,0.6,59.999999999999986
galvantula,8,143,165.0,0.8,14.3,22.343749999999996
ferroseed,6,188,61.0,0.6,18.8,52.22222222222223
ferrothorn,10,1100,171.0,1.0,110.0,110.0
klink,3,210,60.0,0.3,21.0,233.33333333333334
klang,6,510,154.0,0.6,51.0,141.66666666666669
klinklang,6,810,234.0,0.6,81.0,225.0
tynamo,2,3,55.0,0.2,0.3,7.499999999999998
eelektrik,12,220,142.0,1.2,22.0,15.277777777777779
eelektross,21,805,232.0,2.1,80.5,18.253968253968253
elgyem,5,90,67.0,0.5,9.0,36.0
beheeyem,10,345,170.0,1.0,34.5,34.5
litwick,3,31,55.0,0.3,3.1,34.44444444444445
lampent,6,130,130.0,0.6,13.0,36.111111111111114
chandelure,10,343,234.0,1.0,34.3,34.3
axew,6,180,64.0,0.6,18.0,50.0
fraxure,10,360,144.0,1.0,36.0,36.0
haxorus,18,1055,243.0,1.8,105.5,32.56172839506173
cubchoo,5,85,61.0,0.5,8.5,34.0
beartic,26,2600,177.0,2.6,260.0,38.46153846153846
cryogonal,11,1480,180.0,1.1,148.0,122.31404958677685
shelmet,4,77,61.0,0.4,7.7,48.12499999999999
accelgor,8,253,173.0,0.8,25.3,39.53124999999999
stunfisk,7,110,165.0,0.7,11.0,22.44897959183674
mienfoo,9,200,70.0,0.9,20.0,24.691358024691358
mienshao,14,355,179.0,1.4,35.5,18.112244897959187
druddigon,16,1390,170.0,1.6,139.0,54.29687499999999
golett,10,920,61.0,1.0,92.0,92.0
golurk,28,3300,169.0,2.8,330.0,42.091836734693885
pawniard,5,102,68.0,0.5,10.2,40.8
bisharp,16,700,172.0,1.6,70.0,27.343749999999996
bouffalant,16,946,172.0,1.6,94.6,36.95312499999999
rufflet,5,105,70.0,0.5,10.5,42.0
braviary,15,410,179.0,1.5,41.0,18.22222222222222
vullaby,5,90,74.0,0.5,9.0,36.0
mandibuzz,12,395,179.0,1.2,39.5,27.430555555555557
heatmor,14,580,169.0,1.4,58.0,29.59183673469388
durant,3,330,169.0,0.3,33.0,366.6666666666667
deino,8,173,60.0,0.8,17.3,27.031249999999996
zweilous,14,500,147.0,1.4,50.0,25.510204081632658
hydreigon,18,1600,270.0,1.8,160.0,49.382716049382715
larvesta,11,288,72.0,1.1,28.8,23.80165289256198
volcarona,16,460,248.0,1.6,46.0,17.968749999999996
cobalion,21,2500,261.0,2.1,250.0,56.68934240362812
terrakion,19,2600,261.0,1.9,260.0,72.02216066481995
virizion,20,2000,261.0,2.0,200.0,50.0
tornadus-incarnate,15,630,261.0,1.5,63.0,28.0
thundurus-incarnate,15,610,261.0,1.5,61.0,27.11111111111111
reshiram,32,3300,306.0,3.2,330.0,32.22656249999999
zekrom,29,3450,306.0,2.9,345.0,41.02259215219976
landorus-incarnate,15,680,270.0,1.5,68.0,30.22222222222222
kyurem,30,3250,297.0,3.0,325.0,36.111111111111114
keldeo-ordinary,14,485,261.0,1.4,48.5,24.744897959183678
meloetta-aria,6,65,270.0,0.6,6.5,18.055555555555557
genesect,15,825,270.0,1.5,82.5,36.666666666666664
chespin,4,90,63.0,0.4,9.0,56.249999999999986
quilladin,7,290,142.0,0.7,29.0,59.18367346938776
chesnaught,16,900,239.0,1.6,90.0,35.15624999999999
fennekin,4,94,61.0,0.4,9.4,58.74999999999999
braixen,10,145,143.0,1.0,14.5,14.5
delphox,15,390,240.0,1.5,39.0,17.333333333333332
froakie,3,70,63.0,0.3,7.0,77.77777777777779
frogadier,6,109,142.0,0.6,10.9,30.27777777777778
greninja,15,400,239.0,1.5,40.0,17.77777777777778
bunnelby,4,50,47.0,0.4,5.0,31.249999999999993
diggersby,10,424,148.0,1.0,42.4,42.4
fletchling,3,17,56.0,0.3,1.7,18.88888888888889
fletchinder,7,160,134.0,0.7,16.0,32.653061224489804
talonflame,12,245,175.0,1.2,24.5,17.01388888888889
scatterbug,3,25,40.0,0.3,2.5,27.77777777777778
spewpa,3,84,75.0,0.3,8.4,93.33333333333334
vivillon,12,170,185.0,1.2,17.0,11.805555555555555
litleo,6,135,74.0,0.6,13.5,37.5
pyroar,15,815,177.0,1.5,81.5,36.22222222222222
flabebe,1,1,61.0,0.1,0.1,9.999999999999998
floette,2,9,130.0,0.2,0.9,22.499999999999996
florges,11,100,248.0,1.1,10.0,8.264462809917354
skiddo,9,310,70.0,0.9,31.0,38.2716049382716
gogoat,17,910,186.0,1.7,91.0,31.487889273356405
pancham,6,80,70.0,0.6,8.0,22.22222222222222
pangoro,21,1360,173.0,2.1,136.0,30.839002267573694
furfrou,12,280,165.0,1.2,28.0,19.444444444444446
espurr,3,35,71.0,0.3,3.5,38.88888888888889
meowstic-male,6,85,163.0,0.6,8.5,23.61111111111111
honedge,8,20,65.0,0.8,2.0,3.1249999999999996
doublade,8,45,157.0,0.8,4.5,7.031249999999998
aegislash-shield,17,530,234.0,1.7,53.0,18.339100346020764
spritzee,2,5,68.0,0.2,0.5,12.499999999999998
aromatisse,8,155,162.0,0.8,15.5,24.218749999999996
swirlix,4,35,68.0,0.4,3.5,21.874999999999996
slurpuff,8,50,168.0,0.8,5.0,7.812499999999998
inkay,4,35,58.0,0.4,3.5,21.874999999999996
malamar,15,470,169.0,1.5,47.0,20.88888888888889
binacle,5,310,61.0,0.5,31.0,124.0
barbaracle,13,960,175.0,1.3,96.0,56.80473372781064
skrelp,5,73,64.0,0.5,7.3,29.2
dragalge,18,815,173.0,1.8,81.5,25.15432098765432
clauncher,5,83,66.0,0.5,8.3,33.2
clawitzer,13,353,100.0,1.3,35.3,20.887573964497037
helioptile,5,60,58.0,0.5,6.0,24.0
heliolisk,10,210,168.0,1.0,21.0,21.0
tyrunt,8,260,72.0,0.8,26.0,40.62499999999999
tyrantrum,25,2700,182.0,2.5,270.0,43.2
amaura,13,252,72.0,1.3,25.2,14.911242603550294
aurorus,27,2250,104.0,2.7,225.0,30.864197530864192
sylveon,10,235,184.0,1.0,23.5,23.5
hawlucha,8,215,175.0,0.8,21.5,33.59374999999999
dedenne,2,22,151.0,0.2,2.2,54.99999999999999
carbink,3,57,100.0,0.3,5.7,63.333333333333336
goomy,3,28,60.0,0.3,2.8,31.11111111111111
sliggoo,8,175,158.0,0.8,17.5,27.343749999999996
goodra,20,1505,270.0,2.0,150.5,37.625
klefki,2,30,165.0,0.2,3.0,74.99999999999999
phantump,4,70,62.0,0.4,7.0,43.74999999999999
trevenant,15,710,166.0,1.5,71.0,31.555555555555557
pumpkaboo-average,4,50,67.0,0.4,5.0,31.249999999999993
gourgeist-average,9,125,173.0,0.9,12.5,15.432098765432098
bergmite,10,995,61.0,1.0,99.5,99.5
avalugg,20,5050,180.0,2.0,505.0,126.25
noibat,5,80,49.0,0.5,8.0,32.0
noivern,15,850,187.0,1.5,85.0,37.77777777777778
xerneas,30,2150,306.0,3.0,215.0,23.88888888888889
yveltal,58,2030,306.0,5.8,203.0,6.0344827586206895
zygarde-50,50,3050,270.0,5.0,305.0,12.2
diancie,7,88,270.0,0.7,8.8,17.95918367346939
hoopa,5,90,270.0,0.5,9.0,36.0
volcanion,17,1950,270.0,1.7,195.0,67.47404844290658
rowlet,3,15,64.0,0.3,1.5,16.666666666666668
dartrix,7,160,147.0,0.7,16.0,32.653061224489804
decidueye,16,366,239.0,1.6,36.6,14.296874999999998
litten,4,43,64.0,0.4,4.3,26.874999999999993
torracat,7,250,147.0,0.7,25.0,51.020408163265316
incineroar,18,830,239.0,1.8,83.0,25.61728395061728
popplio,4,75,64.0,0.4,7.5,46.87499999999999
brionne,6,175,147.0,0.6,17.5,48.611111111111114
primarina,18,440,239.0,1.8,44.0,13.580246913580247
pikipek,3,12,53.0,0.3,1.2,13.333333333333334
trumbeak,6,148,124.0,0.6,14.8,41.111111111111114
toucannon,11,260,218.0,1.1,26.0,21.48760330578512
yungoos,4,60,51.0,0.4,6.0,37.49999999999999
gumshoos,7,142,146.0,0.7,14.2,28.979591836734695
grubbin,4,44,60.0,0.4,4.4,27.499999999999996
charjabug,5,105,140.0,0.5,10.5,42.0
vikavolt,15,450,225.0,1.5,45.0,20.0
crabrawler,6,70,68.0,0.6,7.0,19.444444444444446
crabominable,17,1800,167.0,1.7,180.0,62.28373702422146
oricorio-baile,6,34,167.0,0.6,3.4,9.444444444444445
cutiefly,1,2,61.0,0.1,0.2,19.999999999999996
ribombee,2,5,162.0,0.2,0.5,12.499999999999998
rockruff,5,92,56.0,0.5,9.2,36.8
lycanroc-midday,8,250,170.0,0.8,25.0,39.06249999999999
wishiwashi-solo,2,3,61.0,0.2,0.3,7.499999999999998
mareanie,4,80,61.0,0.4,8.0,49.99999999999999
toxapex,7,145,173.0,0.7,14.5,29.59183673469388
mudbray,10,1100,77.0,1.0,110.0,110.0
mudsdale,25,9200,175.0,2.5,920.0,147.2
dewpider,3,40,54.0,0.3,4.0,44.44444444444444
araquanid,18,820,159.0,1.8,82.0,25.30864197530864
fomantis,3,15,50.0,0.3,1.5,16.666666666666668
lurantis,9,185,168.0,0.9,18.5,22.839506172839506
morelull,2,15,57.0,0.2,1.5,37.49999999999999
shiinotic,10,115,142.0,1.0,11.5,11.5
salandit,6,48,64.0,0.6,4.8,13.333333333333334
salazzle,12,222,168.0,1.2,22.2,15.416666666666666
stufful,5,68,68.0,0.5,6.8,27.2
bewear,21,1350,175.0,2.1,135.0,30.612244897959183
bounsweet,3,32,42.0,0.3,3.2,35.55555555555556
steenee,7,82,102.0,0.7,8.2,16.73469387755102
tsareena,12,214,230.0,1.2,21.4,14.86111111111111
comfey,1,3,170.0,0.1,0.3,29.999999999999993
oranguru,15,760,172.0,1.5,76.0,33.77777777777778
passimian,20,828,172.0,2.0,82.8,20.7
wimpod,5,120,46.0,0.5,12.0,48.0
golisopod,20,1080,186.0,2.0,108.0,27.0
sandygast,5,700,64.0,0.5,70.0,280.0
palossand,13,2500,168.0,1.3,250.0,147.92899408284023
pyukumuku,3,12,144.0,0.3,1.2,13.333333333333334
type-null,19,1205,107.0,1.9,120.5,33.37950138504155
silvally,23,1005,257.0,2.3,100.5,18.99810964083176
minior-red-meteor,3,400,154.0,0.3,40.0,444.44444444444446
komala,4,199,168.0,0.4,19.9,124.37499999999997
turtonator,20,2120,170.0,2.0,212.0,53.0
togedemaru,3,33,152.0,0.3,3.3,36.666666666666664
mimikyu-disguised,2,7,167.0,0.2,0.7,17.499999999999996
bruxish,9,190,166.0,0.9,19.0,23.456790123456788
drampa,30,1850,170.0,3.0,185.0,20.555555555555557
dhelmise,39,2100,181.0,3.9,210.0,13.806706114398423
jangmo-o,6,297,60.0,0.6,29.7,82.5
hakamo-o,12,470,147.0,1.2,47.0,32.63888888888889
kommo-o,16,782,270.0,1.6,78.2,30.546874999999996
tapu-koko,18,205,257.0,1.8,20.5,6.32716049382716
tapu-lele,12,186,257.0,1.2,18.6,12.916666666666668
tapu-bulu,19,455,257.0,1.9,45.5,12.603878116343491
tapu-fini,13,212,257.0,1.3,21.2,12.54437869822485
cosmog,2,1,40.0,0.2,0.1,2.4999999999999996
cosmoem,1,9999,140.0,0.1,999.9,99989.99999999999
solgaleo,34,2300,306.0,3.4,230.0,19.8961937716263
lunala,40,1200,306.0,4.0,120.0,7.5
nihilego,12,555,257.0,1.2,55.5,38.54166666666667
buzzwole,24,3336,257.0,2.4,333.6,57.91666666666667
pheromosa,18,250,257.0,1.8,25.0,7.716049382716049
xurkitree,38,1000,257.0,3.8,100.0,6.9252077562326875
celesteela,92,9999,257.0,9.2,999.9,11.813563327032139
kartana,3,1,257.0,0.3,0.1,1.1111111111111112
guzzlord,55,8880,257.0,5.5,888.0,29.355371900826448
necrozma,24,2300,270.0,2.4,230.0,39.93055555555556
magearna,10,805,270.0,1.0,80.5,80.5
marshadow,7,222,270.0,0.7,22.2,45.30612244897959
poipole,6,18,189.0,0.6,1.8,5.0
naganadel,36,1500,243.0,3.6,150.0,11.574074074074073
stakataka,55,8200,257.0,5.5,820.0,27.107438016528924
blacephalon,18,130,257.0,1.8,13.0,4.012345679012346
zeraora,15,445,270.0,1.5,44.5,19.77777777777778
meltan,2,80,135.0,0.2,8.0,199.99999999999997
melmetal,25,8000,270.0,2.5,800.0,128.0
grookey,3,50,62.0,0.3,5.0,55.55555555555556
thwackey,7,140,147.0,0.7,14.0,28.571428571428577
rillaboom,21,900,265.0,2.1,90.0,20.408163265306122
scorbunny,3,45,62.0,0.3,4.5,50.0
raboot,6,90,147.0,0.6,9.0,25.0
cinderace,14,330,265.0,1.4,33.0,16.836734693877553
sobble,3,40,62.0,0.3,4.0,44.44444444444444
drizzile,7,115,147.0,0.7,11.5,23.469387755102044
inteleon,19,452,265.0,1.9,45.2,12.5207756232687
skwovet,3,25,55.0,0.3,2.5,27.77777777777778
greedent,6,60,161.0,0.6,6.0,16.666666666666668
rookidee,2,18,49.0,0.2,1.8,44.99999999999999
corvisquire,8,160,128.0,0.8,16.0,24.999999999999996
corviknight,22,750,248.0,2.2,75.0,15.495867768595039
blipbug,4,80,36.0,0.4,8.0,49.99999999999999
dottler,4,195,117.0,0.4,19.5,121.87499999999997
orbeetle,4,408,253.0,0.4,40.8,254.99999999999994
nickit,6,89,49.0,0.6,8.9,24.722222222222225
thievul,12,199,159.0,1.2,19.9,13.819444444444445
gossifleur,4,22,50.0,0.4,2.2,13.749999999999998
eldegoss,5,25,161.0,0.5,2.5,10.0
wooloo,6,60,122.0,0.6,6.0,16.666666666666668
dubwool,13,430,172.0,1.3,43.0,25.44378698224852
chewtle,3,85,57.0,0.3,8.5,94.44444444444444
drednaw,10,1155,170.0,1.0,115.5,115.5
yamper,3,135,54.0,0.3,13.5,150.0
boltund,10,340,172.0,1.0,34.0,34.0
rolycoly,3,120,48.0,0.3,12.0,133.33333333333334
carkol,11,780,144.0,1.1,78.0,64.46280991735536
coalossal,28,3105,255.0,2.8,310.5,39.6045918367347
applin,2,5,52.0,0.2,0.5,12.499999999999998
flapple,3,10,170.0,0.3,1.0,11.11111111111111
appletun,4,130,170.0,0.4,13.0,81.24999999999999
silicobra,22,76,63.0,2.2,7.6,1.5702479338842972
sandaconda,38,655,179.0,3.8,65.5,4.53601108033241
cramorant,8,180,166.0,0.8,18.0,28.124999999999993
arrokuda,5,10,56.0,0.5,1.0,4.0
barraskewda,13,300,172.0,1.3,30.0,17.751479289940825
toxel,4,110,48.0,0.4,11.0,68.74999999999999
toxtricity-amped,16,400,176.0,1.6,40.0,15.624999999999996
sizzlipede,7,10,61.0,0.7,1.0,2.0408163265306127
centiskorch,30,1200,184.0,3.0,120.0,13.333333333333334
clobbopus,6,40,62.0,0.6,4.0,11.11111111111111
grapploct,16,390,168.0,1.6,39.0,15.234374999999996
sinistea,1,2,62.0,0.1,0.2,19.999999999999996
polteageist,2,4,178.0,0.2,0.4,9.999999999999998
hatenna,4,34,53.0,0.4,3.4,21.249999999999996
hattrem,6,48,130.0,0.6,4.8,13.333333333333334
hatterene,21,51,255.0,2.1,5.1,1.1564625850340136
impidimp,4,55,53.0,0.4,5.5,34.37499999999999
morgrem,8,125,130.0,0.8,12.5,19.531249999999996
grimmsnarl,15,610,255.0,1.5,61.0,27.11111111111111
obstagoon,16,460,260.0,1.6,46.0,17.968749999999996
perrserker,8,280,154.0,0.8,28.0,43.74999999999999
cursola,10,4,179.0,1.0,0.4,0.4
sirfetchd,8,1170,177.0,0.8,117.0,182.81249999999997
mr-rime,15,582,182.0,1.5,58.2,25.866666666666667
runerigus,16,666,169.0,1.6,66.6,26.015624999999993
milcery,2,3,54.0,0.2,0.3,7.499999999999998
alcremie,3,5,173.0,0.3,0.5,5.555555555555555
falinks,30,620,165.0,3.0,62.0,6.888888888888889
pincurchin,3,10,152.0,0.3,1.0,11.11111111111111
snom,3,38,37.0,0.3,3.8,42.22222222222222
frosmoth,13,420,166.0,1.3,42.0,24.852071005917157
stonjourner,25,5200,165.0,2.5,520.0,83.2
eiscue-ice,14,890,165.0,1.4,89.0,45.40816326530613
indeedee-male,9,280,166.0,0.9,28.0,34.5679012345679
morpeko-full-belly,3,30,153.0,0.3,3.0,33.333333333333336
cufant,12,1000,66.0,1.2,100.0,69.44444444444444
copperajah,30,6500,175.0,3.0,650.0,72.22222222222223
dracozolt,18,1900,177.0,1.8,190.0,58.641975308641975
arctozolt,23,1500,177.0,2.3,150.0,28.355387523629496
dracovish,23,2150,177.0,2.3,215.0,40.642722117202275
arctovish,20,1750,177.0,2.0,175.0,43.75
duraludon,18,400,187.0,1.8,40.0,12.345679012345679
dreepy,5,20,54.0,0.5,2.0,8.0
drakloak,14,110,144.0,1.4,11.0,5.612244897959185
dragapult,30,500,300.0,3.0,50.0,5.555555555555555
zacian,28,1100,335.0,2.8,110.0,14.030612244897961
zamazenta,29,2100,335.0,2.9,210.0,24.970273483947683
eternatus,200,9500,345.0,20.0,950.0,2.375
kubfu,6,120,77.0,0.6,12.0,33.333333333333336
urshifu-single-strike,19,1050,275.0,1.9,105.0,29.085872576177287
zarude,18,700,300.0,1.8,70.0,21.604938271604937
regieleki,12,1450,290.0,1.2,145.0,100.69444444444444
regidrago,21,2000,290.0,2.1,200.0,45.35147392290249
glastrier,22,8000,290.0,2.2,800.0,165.2892561983471
spectrier,20,445,290.0,2.0,44.5,11.125
calyrex,11,77,250.0,1.1,7.7,6.363636363636362
wyrdeer,18,951,263.0,1.8,95.1,29.351851851851848
kleavor,18,890,175.0,1.8,89.0,27.469135802469133
ursaluna,24,2900,275.0,2.4,290.0,50.34722222222222
basculegion-male,30,1100,265.0,3.0,110.0,12.222222222222221
sneasler,13,430,102.0,1.3,43.0,25.44378698224852
overqwil,25,605,179.0,2.5,60.5,9.68
enamorus-incarnate,16,480,116.0,1.6,48.0,18.749999999999996
sprigatito,4,41,62.0,0.4,4.1,25.624999999999993
floragato,9,122,144.0,0.9,12.2,15.061728395061726
meowscarada,15,312,265.0,1.5,31.2,13.866666666666667
fuecoco,4,98,62.0,0.4,9.8,61.24999999999999
crocalor,10,307,144.0,1.0,30.7,30.7
skeledirge,16,3265,265.0,1.6,326.5,127.53906249999997
quaxly,5,61,62.0,0.5,6.1,24.4
quaxwell,12,215,144.0,1.2,21.5,14.930555555555555
quaquaval,18,619,265.0,1.8,61.9,19.104938271604937
lechonk,5,102,51.0,0.5,10.2,40.8
oinkologne-male,10,1200,171.0,1.0,120.0,120.0
tarountula,3,40,42.0,0.3,4.0,44.44444444444444
spidops,10,165,141.0,1.0,16.5,16.5
nymble,2,10,42.0,0.2,1.0,24.999999999999996
lokix,10,175,158.0,1.0,17.5,17.5
pawmi,3,25,48.0,0.3,2.5,27.77777777777778
pawmo,4,65,123.0,0.4,6.5,40.62499999999999
pawmot,9,410,245.0,0.9,41.0,50.61728395061728
tandemaus,3,18,61.0,0.3,1.8,20.0
maushold-family-of-four,3,23,165.0,0.3,2.3,25.555555555555554
fidough,3,109,62.0,0.3,10.9,121.11111111111111
dachsbun,5,149,167.0,0.5,14.9,59.6
smoliv,3,65,52.0,0.3,6.5,72.22222222222223
dolliv,6,119,124.0,0.6,11.9,33.05555555555556
arboliva,14,482,255.0,1.4,48.2,24.59183673469388
squawkabilly-green-plumage,6,24,146.0,0.6,2.4,6.666666666666667
nacli,4,160,56.0,0.4,16.0,99.99999999999999
naclstack,6,1050,124.0,0.6,105.0,291.6666666666667
garganacl,23,2400,250.0,2.3,240.0,45.36862003780719
charcadet,6,105,51.0,0.6,10.5,29.166666666666668
armarouge,15,850,263.0,1.5,85.0,37.77777777777778
ceruledge,16,620,263.0,1.6,62.0,24.218749999999996
tadbulb,3,4,54.0,0.3,0.4,4.444444444444445
bellibolt,12,1130,173.0,1.2,113.0,78.47222222222223
wattrel,4,36,56.0,0.4,3.6,22.499999999999996
kilowattrel,14,386,172.0,1.4,38.6,19.69387755102041
maschiff,5,160,68.0,0.5,16.0,64.0
mabosstiff,11,610,177.0,1.1,61.0,50.41322314049586
shroodle,2,7,58.0,0.2,0.7,17.499999999999996
grafaiai,7,272,170.0,0.7,27.2,55.51020408163266
bramblin,6,6,55.0,0.6,0.6,1.6666666666666667
brambleghast,12,60,168.0,1.2,6.0,4.166666666666667
toedscool,9,330,67.0,0.9,33.0,40.74074074074074
toedscruel,19,580,180.0,1.9,58.0,16.066481994459835
klawf,13,790,158.0,1.3,79.0,46.74556213017751
capsakid,3,30,61.0,0.3,3.0,33.333333333333336
scovillain,9,150,170.0,0.9,15.0,18.51851851851852
rellor,2,10,54.0,0.2,1.0,24.999999999999996
rabsca,3,35,165.0,0.3,3.5,38.88888888888889
flittle,2,15,51.0,0.2,1.5,37.49999999999999
espathra,19,900,168.0,1.9,90.0,24.930747922437675
tinkatink,4,89,59.0,0.4,8.9,55.62499999999999
tinkatuff,7,591,133.0,0.7,59.1,120.6122448979592
tinkaton,7,1128,253.0,0.7,112.8,230.20408163265307
wiglett,12,18,49.0,1.2,1.8,1.25
wugtrio,12,54,149.0,1.2,5.4,3.7500000000000004
bombirdier,15,429,243.0,1.5,42.9,19.066666666666666
finizen,13,602,63.0,1.3,60.2,35.62130177514793
palafin-zero,13,602,160.0,1.3,60.2,35.62130177514793
varoom,10,350,60.0,1.0,35.0,35.0
revavroom,18,1200,175.0,1.8,120.0,37.03703703703704
cyclizar,16,630,175.0,1.6,63.0,24.609374999999996
orthworm,25,3100,240.0,2.5,310.0,49.6
glimmet,7,80,70.0,0.7,8.0,16.326530612244902
glimmora,15,450,184.0,1.5,45.0,20.0
greavard,6,350,58.0,0.6,35.0,97.22222222222223
houndstone,20,150,171.0,2.0,15.0,3.75
flamigo,16,370,175.0,1.6,37.0,14.453124999999996
cetoddle,12,450,67.0,1.2,45.0,31.25
cetitan,45,7000,182.0,4.5,700.0,34.5679012345679
veluza,25,900,167.0,2.5,90.0,14.4
dondozo,120,2200,265.0,12.0,220.0,1.5277777777777777
tatsugiri-curly,3,80,166.0,0.3,8.0,88.88888888888889
annihilape,12,560,268.0,1.2,56.0,38.88888888888889
clodsire,18,2230,151.0,1.8,223.0,68.82716049382715
farigiraf,32,1600,260.0,3.2,160.0,15.624999999999996
dudunsparce-two-segment,36,392,182.0,3.6,39.2,3.0246913580246915
kingambit,20,1200,275.0,2.0,120.0,30.0
great-tusk,22,3200,285.0,2.2,320.0,66.11570247933884
scream-tail,12,80,285.0,1.2,8.0,5.555555555555555
brute-bonnet,12,210,285.0,1.2,21.0,14.583333333333334
flutter-mane,14,40,285.0,1.4,4.0,2.0408163265306127
slither-wing,32,920,285.0,3.2,92.0,8.984374999999998
sandy-shocks,23,600,285.0,2.3,60.0,11.342155009451798
iron-treads,9,2400,285.0,0.9,240.0,296.2962962962963
iron-bundle,6,110,285.0,0.6,11.0,30.555555555555557
iron-hands,18,3807,285.0,1.8,380.7,117.49999999999999
iron-jugulis,13,1110,285.0,1.3,111.0,65.68047337278105
iron-moth,12,360,285.0,1.2,36.0,25.0
iron-thorns,16,3030,285.0,1.6,303.0,118.35937499999997
frigibax,5,170,64.0,0.5,17.0,68.0
arctibax,8,300,148.0,0.8,30.0,46.87499999999999
baxcalibur,21,2100,300.0,2.1,210.0,47.61904761904762
gimmighoul,3,50,60.0,0.3,5.0,55.55555555555556
gholdengo,12,300,275.0,1.2,30.0,20.833333333333336
wo-chien,15,742,285.0,1.5,74.2,32.97777777777778
chien-pao,19,1522,285.0,1.9,152.2,42.1606648199446
ting-lu,27,6997,285.0,2.7,699.7,95.98079561042523
chi-yu,4,49,285.0,0.4,4.9,30.624999999999996
roaring-moon,20,3800,295.0,2.0,380.0,95.0
iron-valiant,14,350,295.0,1.4,35.0,17.85714285714286
koraidon,25,3030,335.0,2.5,303.0,48.48
miraidon,35,2400,335.0,3.5,240.0,19.591836734693878
walking-wake,35,2800,295.0,3.5,280.0,22.857142857142858
iron-leaves,15,1250,295.0,1.5,125.0,55.55555555555556
dipplin,4,97,170.0,0.4,9.7,60.624999999999986
poltchageist,1,11,62.0,0.1,1.1,109.99999999999999
sinistcha,2,22,178.0,0.2,2.2,54.99999999999999
okidogi,18,922,278.0,1.8,92.2,28.456790123456788
munkidori,10,122,278.0,1.0,12.2,12.2
fezandipiti,14,301,278.0,1.4,30.1,15.35714285714286
ogerpon,12,398,275.0,1.2,39.8,27.63888888888889
archaludon,20,600,300.0,2.0,60.0,15.0
hydrapple,18,930,270.0,1.8,93.0,28.703703703703702
gouging-fire,35,5900,295.0,3.5,590.0,48.16326530612245
raging-bolt,52,4800,295.0,5.2,480.0,17.751479289940825
iron-boulder,15,1625,295.0,1.5,162.5,72.22222222222223
iron-crown,16,1560,295.0,1.6,156.0,60.937499999999986
terapagos,2,65,90.0,0.2,6.5,162.49999999999997
pecharunt,3,3,300.0,0.3,0.3,3.3333333333333335
deoxys-attack,17,608,270.0,1.7,60.8,21.038062283737027
deoxys-defense,17,608,270.0,1.7,60.8,21.038062283737027
deoxys-speed,17,608,270.0,1.7,60.8,21.038062283737027
wormadam-sandy,5,65,148.0,0.5,6.5,26.0
wormadam-trash,5,65,148.0,0.5,6.5,26.0
shaymin-sky,4,52,270.0,0.4,5.2,32.49999999999999
giratina-origin,69,6500,340.0,6.9,650.0,13.652593992858641
rotom-heat,3,3,182.0,0.3,0.3,3.3333333333333335
rotom-wash,3,3,182.0,0.3,0.3,3.3333333333333335
rotom-frost,3,3,182.0,0.3,0.3,3.3333333333333335
rotom-fan,3,3,182.0,0.3,0.3,3.3333333333333335
rotom-mow,3,3,182.0,0.3,0.3,3.3333333333333335
castform-sunny,3,8,147.0,0.3,0.8,8.88888888888889
castform-rainy,3,8,147.0,0.3,0.8,8.88888888888889
castform-snowy,3,8,147.0,0.3,0.8,8.88888888888889
basculin-blue-striped,10,180,161.0,1.0,18.0,18.0
darmanitan-zen,13,929,189.0,1.3,92.9,54.97041420118343
meloetta-pirouette,6,65,270.0,0.6,6.5,18.055555555555557
tornadus-therian,14,630,290.0,1.4,63.0,32.142857142857146
thundurus-therian,30,610,290.0,3.0,61.0,6.777777777777778
landorus-therian,13,680,300.0,1.3,68.0,40.23668639053254
kyurem-black,33,3250,350.0,3.3,325.0,29.84389348025712
kyurem-white,36,3250,350.0,3.6,325.0,25.077160493827158
keldeo-resolute,14,485,290.0,1.4,48.5,24.744897959183678
meowstic-female,6,85,163.0,0.6,8.5,23.61111111111111
aegislash-blade,17,530,250.0,1.7,53.0,18.339100346020764
pumpkaboo-small,3,35,67.0,0.3,3.5,38.88888888888889
pumpkaboo-large,5,75,67.0,0.5,7.5,30.0
pumpkaboo-super,8,150,67.0,0.8,15.0,23.437499999999996
gourgeist-small,7,95,173.0,0.7,9.5,19.38775510204082
gourgeist-large,11,140,173.0,1.1,14.0,11.570247933884296
gourgeist-super,17,390,173.0,1.7,39.0,13.494809688581316
venusaur-mega,24,1555,281.0,2.4,155.5,26.99652777777778
charizard-mega-x,17,1105,285.0,1.7,110.5,38.235294117647065
charizard-mega-y,17,1005,285.0,1.7,100.5,34.775086505190316
blastoise-mega,16,1011,284.0,1.6,101.1,39.49218749999999
alakazam-mega,12,480,270.0,1.2,48.0,33.333333333333336
gengar-mega,14,405,270.0,1.4,40.5,20.66326530612245
kangaskhan-mega,22,1000,207.0,2.2,100.0,20.661157024793386
pinsir-mega,17,590,210.0,1.7,59.0,20.41522491349481
gyarados-mega,65,3050,224.0,6.5,305.0,7.218934911242603
aerodactyl-mega,21,790,215.0,2.1,79.0,17.913832199546484
mewtwo-mega-x,23,1270,351.0,2.3,127.0,24.007561436672972
mewtwo-mega-y,15,330,351.0,1.5,33.0,14.666666666666666
ampharos-mega,14,615,275.0,1.4,61.5,31.377551020408166
scizor-mega,20,1250,210.0,2.0,125.0,31.25
heracross-mega,17,625,210.0,1.7,62.5,21.626297577854675
houndoom-mega,19,495,210.0,1.9,49.5,13.711911357340721
tyranitar-mega,25,2550,315.0,2.5,255.0,40.8
blaziken-mega,19,520,284.0,1.9,52.0,14.40443213296399
gardevoir-mega,16,484,278.0,1.6,48.4,18.906249999999996
mawile-mega,10,235,168.0,1.0,23.5,23.5
aggron-mega,22,3950,284.0,2.2,395.0,81.61157024793387
medicham-mega,13,315,179.0,1.3,31.5,18.63905325443787
manectric-mega,18,440,201.0,1.8,44.0,13.580246913580247
banette-mega,12,130,194.0,1.2,13.0,9.027777777777779
absol-mega,12,490,198.0,1.2,49.0,34.02777777777778
garchomp-mega,19,950,315.0,1.9,95.0,26.315789473684212
lucario-mega,13,575,219.0,1.3,57.5,34.02366863905325
abomasnow-mega,27,1850,208.0,2.7,185.0,25.377229080932782
floette-eternal,2,9,243.0,0.2,0.9,22.499999999999996
latias-mega,18,520,315.0,1.8,52.0,16.049382716049383
latios-mega,23,700,315.0,2.3,70.0,13.232514177693764
swampert-mega,19,1020,286.0,1.9,102.0,28.254847645429365
sceptile-mega,19,552,284.0,1.9,55.2,15.290858725761774
sableye-mega,5,1610,168.0,0.5,161.0,644.0
altaria-mega,15,206,207.0,1.5,20.6,9.155555555555557
gallade-mega,16,564,278.0,1.6,56.4,22.031249999999996
audino-mega,15,320,425.0,1.5,32.0,14.222222222222221
sharpedo-mega,25,1303,196.0,2.5,130.3,20.848000000000003
slowbro-mega,20,1200,207.0,2.0,120.0,30.0
steelix-mega,105,7400,214.0,10.5,740.0,6.712018140589569
pidgeot-mega,22,505,261.0,2.2,50.5,10.43388429752066
glalie-mega,21,3502,203.0,2.1,350.2,79.41043083900226
diancie-mega,11,278,315.0,1.1,27.8,22.975206611570243
metagross-mega,25,9429,315.0,2.5,942.9,150.864
kyogre-primal,98,4300,347.0,9.8,430.0,4.4773011245314445
groudon-primal,50,9997,347.0,5.0,999.7,39.988
rayquaza-mega,108,3920,351.0,10.8,392.0,3.36076817558299
pikachu-rock-star,4,60,112.0,0.4,6.0,37.49999999999999
pikachu-belle,4,60,112.0,0.4,6.0,37.49999999999999
pikachu-pop-star,4,60,112.0,0.4,6.0,37.49999999999999
pikachu-phd,4,60,112.0,0.4,6.0,37.49999999999999
pikachu-libre,4,60,112.0,0.4,6.0,37.49999999999999
pikachu-cosplay,4,60,112.0,0.4,6.0,37.49999999999999
hoopa-unbound,65,4900,306.0,6.5,490.0,11.597633136094675
camerupt-mega,25,3205,196.0,2.5,320.5,51.28
lopunny-mega,13,283,203.0,1.3,28.3,16.745562130177515
salamence-mega,18,1126,315.0,1.8,112.6,34.75308641975308
beedrill-mega,14,405,223.0,1.4,40.5,20.66326530612245
rattata-alola,3,38,51.0,0.3,3.8,42.22222222222222
raticate-alola,7,255,145.0,0.7,25.5,52.04081632653062
raticate-totem-alola,14,1050,145.0,1.4,105.0,53.57142857142858
pikachu-original-cap,4,60,112.0,0.4,6.0,37.49999999999999
pikachu-hoenn-cap,4,60,112.0,0.4,6.0,37.49999999999999
pikachu-sinnoh-cap,4,60,112.0,0.4,6.0,37.49999999999999
pikachu-unova-cap,4,60,112.0,0.4,6.0,37.49999999999999
pikachu-kalos-cap,4,60,112.0,0.4,6.0,37.49999999999999
pikachu-alola-cap,4,60,112.0,0.4,6.0,37.49999999999999
raichu-alola,7,210,243.0,0.7,21.0,42.85714285714286
sandshrew-alola,7,400,60.0,0.7,40.0,81.6326530612245
sandslash-alola,12,550,158.0,1.2,55.0,38.19444444444444
vulpix-alola,6,99,60.0,0.6,9.9,27.500000000000004
ninetales-alola,11,199,177.0,1.1,19.9,16.446280991735534
diglett-alola,2,10,53.0,0.2,1.0,24.999999999999996
dugtrio-alola,7,666,149.0,0.7,66.6,135.9183673469388
meowth-alola,4,42,58.0,0.4,4.2,26.249999999999996
persian-alola,11,330,154.0,1.1,33.0,27.27272727272727
geodude-alola,4,203,60.0,0.4,20.3,126.87499999999999
graveler-alola,10,1100,137.0,1.0,110.0,110.0
golem-alola,17,3160,223.0,1.7,316.0,109.34256055363323
grimer-alola,7,420,65.0,0.7,42.0,85.71428571428572
muk-alola,10,520,175.0,1.0,52.0,52.0
exeggutor-alola,109,4156,186.0,10.9,415.6,3.498022052015824
marowak-alola,10,340,149.0,1.0,34.0,34.0
greninja-battle-bond,15,400,239.0,1.5,40.0,17.77777777777778
greninja-ash,15,400,288.0,1.5,40.0,17.77777777777778
zygarde-10-power-construct,12,335,243.0,1.2,33.5,23.26388888888889
zygarde-50-power-construct,50,3050,300.0,5.0,305.0,12.2
zygarde-complete,45,6100,354.0,4.5,610.0,30.123456790123456
gumshoos-totem,14,600,146.0,1.4,60.0,30.612244897959187
vikavolt-totem,26,1475,225.0,2.6,147.5,21.819526627218934
oricorio-pom-pom,6,34,167.0,0.6,3.4,9.444444444444445
oricorio-pau,6,34,167.0,0.6,3.4,9.444444444444445
oricorio-sensu,6,34,167.0,0.6,3.4,9.444444444444445
lycanroc-midnight,11,250,170.0,1.1,25.0,20.661157024793386
wishiwashi-school,82,786,217.0,8.2,78.6,1.1689470553242118
lurantis-totem,15,580,168.0,1.5,58.0,25.77777777777778
salazzle-totem,21,810,168.0,2.1,81.0,18.36734693877551
minior-orange-meteor,3,400,154.0,0.3,40.0,444.44444444444446
minior-yellow-meteor,3,400,154.0,0.3,40.0,444.44444444444446
minior-green-meteor,3,400,154.0,0.3,40.0,444.44444444444446
minior-blue-meteor,3,400,154.0,0.3,40.0,444.44444444444446
minior-indigo-meteor,3,400,154.0,0.3,40.0,444.44444444444446
minior-violet-meteor,3,400,154.0,0.3,40.0,444.44444444444446
minior-red,3,3,175.0,0.3,0.3,3.3333333333333335
minior-orange,3,3,175.0,0.3,0.3,3.3333333333333335
minior-yellow,3,3,175.0,0.3,0.3,3.3333333333333335
minior-green,3,3,175.0,0.3,0.3,3.3333333333333335
minior-blue,3,3,175.0,0.3,0.3,3.3333333333333335
minior-indigo,3,3,175.0,0.3,0.3,3.3333333333333335
minior-violet,3,3,175.0,0.3,0.3,3.3333333333333335
mimikyu-busted,2,7,167.0,0.2,0.7,17.499999999999996
mimikyu-totem-disguised,4,28,167.0,0.4,2.8,17.499999999999996
mimikyu-totem-busted,4,28,167.0,0.4,2.8,17.499999999999996
kommo-o-totem,24,2075,270.0,2.4,207.5,36.02430555555556
magearna-original,10,805,300.0,1.0,80.5,80.5
pikachu-partner-cap,4,60,112.0,0.4,6.0,37.49999999999999
marowak-totem,17,980,149.0,1.7,98.0,33.91003460207613
ribombee-totem,4,20,162.0,0.4,2.0,12.499999999999998
rockruff-own-tempo,5,92,56.0,0.5,9.2,36.8
lycanroc-dusk,8,250,170.0,0.8,25.0,39.06249999999999
araquanid-totem,31,2175,159.0,3.1,217.5,22.632674297606656
togedemaru-totem,6,130,152.0,0.6,13.0,36.111111111111114
necrozma-dusk,38,4600,340.0,3.8,460.0,31.855955678670362
necrozma-dawn,42,3500,340.0,4.2,350.0,19.841269841269842
necrozma-ultra,75,2300,339.0,7.5,230.0,4.088888888888889
pikachu-starter,4,60,86.0,0.4,6.0,37.49999999999999
eevee-starter,3,65,87.0,0.3,6.5,72.22222222222223
pikachu-world-cap,4,60,112.0,0.4,6.0,37.49999999999999
meowth-galar,4,75,58.0,0.4,7.5,46.87499999999999
ponyta-galar,8,240,82.0,0.8,24.0,37.49999999999999
rapidash-galar,17,800,175.0,1.7,80.0,27.68166089965398
slowpoke-galar,12,360,63.0,1.2,36.0,25.0
slowbro-galar,16,705,172.0,1.6,70.5,27.539062499999993
farfetchd-galar,8,420,132.0,0.8,42.0,65.62499999999999
weezing-galar,30,160,172.0,3.0,16.0,1.7777777777777777
mr-mime-galar,14,568,161.0,1.4,56.8,28.979591836734695
articuno-galar,17,509,290.0,1.7,50.9,17.612456747404845
zapdos-galar,16,582,290.0,1.6,58.2,22.734374999999996
moltres-galar,20,660,290.0,2.0,66.0,16.5
slowking-galar,18,795,172.0,1.8,79.5,24.537037037037035
corsola-galar,6,5,144.0,0.6,0.5,1.3888888888888888
zigzagoon-galar,4,175,56.0,0.4,17.5,109.37499999999999
linoone-galar,5,325,147.0,0.5,32.5,130.0
darumaka-galar,7,400,63.0,0.7,40.0,81.6326530612245
darmanitan-galar-standard,17,1200,168.0,1.7,120.0,41.52249134948097
darmanitan-galar-zen,17,1200,189.0,1.7,120.0,41.52249134948097
yamask-galar,5,15,61.0,0.5,1.5,6.0
stunfisk-galar,7,205,165.0,0.7,20.5,41.83673469387756
zygarde-10,12,335,243.0,1.2,33.5,23.26388888888889
cramorant-gulping,8,180,166.0,0.8,18.0,28.124999999999993
cramorant-gorging,8,180,166.0,0.8,18.0,28.124999999999993
toxtricity-low-key,16,400,176.0,1.6,40.0,15.624999999999996
eiscue-noice,14,890,165.0,1.4,89.0,45.40816326530613
indeedee-female,9,280,166.0,0.9,28.0,34.5679012345679
morpeko-hangry,3,30,153.0,0.3,3.0,33.333333333333336
zacian-crowned,28,3550,360.0,2.8,355.0,45.280612244897966
zamazenta-crowned,29,7850,360.0,2.9,785.0,93.34126040428062
eternatus-eternamax,1000,0,563.0,100.0,0.0,0.0
urshifu-rapid-strike,19,1050,275.0,1.9,105.0,29.085872576177287
zarude-dada,18,700,300.0,1.8,70.0,21.604938271604937
calyrex-ice,24,8091,340.0,2.4,809.1,140.46875
calyrex-shadow,24,536,340.0,2.4,53.6,9.305555555555555
venusaur-gmax,240,10000,236.0,24.0,1000.0,1.7361111111111112
charizard-gmax,280,10000,240.0,28.0,1000.0,1.2755102040816326
blastoise-gmax,250,10000,239.0,25.0,1000.0,1.6
butterfree-gmax,170,10000,178.0,17.0,1000.0,3.4602076124567476
pikachu-gmax,210,10000,112.0,21.0,1000.0,2.2675736961451247
meowth-gmax,330,10000,58.0,33.0,1000.0,0.9182736455463728
machamp-gmax,250,10000,227.0,25.0,1000.0,1.6
gengar-gmax,200,10000,225.0,20.0,1000.0,2.5
kingler-gmax,190,10000,166.0,19.0,1000.0,2.770083102493075
lapras-gmax,240,10000,187.0,24.0,1000.0,1.7361111111111112
eevee-gmax,180,10000,65.0,18.0,1000.0,3.0864197530864197
snorlax-gmax,350,10000,189.0,35.0,1000.0,0.8163265306122449
garbodor-gmax,210,10000,166.0,21.0,1000.0,2.2675736961451247
melmetal-gmax,250,10000,270.0,25.0,1000.0,1.6
rillaboom-gmax,280,10000,265.0,28.0,1000.0,1.2755102040816326
cinderace-gmax,270,10000,265.0,27.0,1000.0,1.3717421124828533
inteleon-gmax,400,10000,265.0,40.0,1000.0,0.625
corviknight-gmax,140,10000,248.0,14.0,1000.0,5.1020408163265305
orbeetle-gmax,140,10000,253.0,14.0,1000.0,5.1020408163265305
drednaw-gmax,240,10000,170.0,24.0,1000.0,1.7361111111111112
coalossal-gmax,420,10000,255.0,42.0,1000.0,0.5668934240362812
flapple-gmax,240,10000,170.0,24.0,1000.0,1.7361111111111112
appletun-gmax,240,10000,170.0,24.0,1000.0,1.7361111111111112
sandaconda-gmax,220,10000,179.0,22.0,1000.0,2.0661157024793386
toxtricity-amped-gmax,240,10000,176.0,24.0,1000.0,1.7361111111111112
centiskorch-gmax,750,10000,184.0,75.0,1000.0,0.17777777777777778
hatterene-gmax,260,10000,255.0,26.0,1000.0,1.4792899408284024
grimmsnarl-gmax,320,10000,255.0,32.0,1000.0,0.9765625
alcremie-gmax,300,10000,173.0,30.0,1000.0,1.1111111111111112
copperajah-gmax,230,10000,175.0,23.0,1000.0,1.890359168241966
duraludon-gmax,430,10000,187.0,43.0,1000.0,0.5408328826392644
urshifu-single-strike-gmax,290,10000,275.0,29.0,1000.0,1.1890606420927468
urshifu-rapid-strike-gmax,260,10000,275.0,26.0,1000.0,1.4792899408284024
toxtricity-low-key-gmax,240,10000,176.0,24.0,1000.0,1.7361111111111112
growlithe-hisui,8,227,70.0,0.8,22.7,35.46874999999999
arcanine-hisui,20,1680,194.0,2.0,168.0,42.0
voltorb-hisui,5,130,66.0,0.5,13.0,52.0
electrode-hisui,12,710,172.0,1.2,71.0,49.30555555555556
typhlosion-hisui,16,698,240.0,1.6,69.8,27.265624999999993
qwilfish-hisui,5,39,88.0,0.5,3.9,15.6
sneasel-hisui,9,270,86.0,0.9,27.0,33.33333333333333
samurott-hisui,15,582,238.0,1.5,58.2,25.866666666666667
lilligant-hisui,12,192,168.0,1.2,19.2,13.333333333333334
zorua-hisui,7,125,66.0,0.7,12.5,25.510204081632658
zoroark-hisui,16,730,179.0,1.6,73.0,28.515624999999993
braviary-hisui,17,434,179.0,1.7,43.4,15.017301038062286
sliggoo-hisui,7,685,158.0,0.7,68.5,139.79591836734696
goodra-hisui,17,3341,270.0,1.7,334.1,115.60553633217995
avalugg-hisui,14,2624,180.0,1.4,262.4,133.87755102040816
decidueye-hisui,16,370,239.0,1.6,37.0,14.453124999999996
dialga-origin,70,8487,306.0,7.0,848.7,17.320408163265306
palkia-origin,63,6590,306.0,6.3,659.0,16.603678508440414
basculin-white-striped,10,180,161.0,1.0,18.0,18.0
basculegion-female,30,1100,265.0,3.0,110.0,12.222222222222221
enamorus-therian,16,480,116.0,1.6,48.0,18.749999999999996
tauros-paldea-combat-breed,14,1150,172.0,1.4,115.0,58.67346938775511
tauros-paldea-blaze-breed,14,850,172.0,1.4,85.0,43.36734693877552
tauros-paldea-aqua-breed,14,1100,172.0,1.4,110.0,56.122448979591844
wooper-paldea,4,110,42.0,0.4,11.0,68.74999999999999
oinkologne-female,10,1200,171.0,1.0,120.0,120.0
dudunsparce-three-segment,45,474,182.0,4.5,47.4,2.3407407407407406
palafin-hero,18,974,160.0,1.8,97.4,30.061728395061728
maushold-family-of-three,3,28,165.0,0.3,2.8,31.11111111111111
tatsugiri-droopy,3,80,166.0,0.3,8.0,88.88888888888889
tatsugiri-stretchy,3,80,166.0,0.3,8.0,88.88888888888889
squawkabilly-blue-plumage,6,24,146.0,0.6,2.4,6.666666666666667
squawkabilly-yellow-plumage,6,24,146.0,0.6,2.4,6.666666666666667
squawkabilly-white-plumage,6,24,146.0,0.6,2.4,6.666666666666667
gimmighoul-roaming,1,10,60.0,0.1,1.0,99.99999999999999
koraidon-limited-build,35,3030,335.0,3.5,303.0,24.73469387755102
koraidon-sprinting-build,35,3030,335.0,3.5,303.0,24.73469387755102
koraidon-swimming-build,35,3030,335.0,3.5,303.0,24.73469387755102
koraidon-gliding-build,35,3030,335.0,3.5,303.0,24.73469387755102
miraidon-low-power-mode,28,2400,335.0,2.8,240.0,30.612244897959187
miraidon-drive-mode,28,2400,335.0,2.8,240.0,30.612244897959187
miraidon-aquatic-mode,28,2400,335.0,2.8,240.0,30.612244897959187
miraidon-glide-mode,28,2400,335.0,2.8,240.0,30.612244897959187
ursaluna-bloodmoon,24,2900,275.0,2.4,290.0,50.34722222222222
ogerpon-wellspring-mask,12,398,275.0,1.2,39.8,27.63888888888889
ogerpon-hearthflame-mask,12,398,275.0,1.2,39.8,27.63888888888889
ogerpon-cornerstone-mask,12,398,275.0,1.2,39.8,27.63888888888889
terapagos-terastal,3,160,90.0,0.3,16.0,177.77777777777777
terapagos-stellar,17,770,90.0,1.7,77.0,26.643598615916957
clefable-mega,17,423,,1.7,42.3,14.636678200692042
victreebel-mega,45,1255,,4.5,125.5,6.197530864197531
starmie-mega,23,800,,2.3,80.0,15.12287334593573
dragonite-mega,55,2900,,5.5,290.0,9.586776859504132
meganium-mega,24,2010,,2.4,201.0,34.895833333333336
feraligatr-mega,23,1088,,2.3,108.8,20.567107750472594
skarmory-mega,17,404,,1.7,40.4,13.97923875432526
froslass-mega,26,296,,2.6,29.6,4.378698224852071
emboar-mega,18,1803,,1.8,180.3,55.648148148148145
excadrill-mega,9,600,,0.9,60.0,74.07407407407408
scolipede-mega,32,2305,,3.2,230.5,22.509765624999996
scrafty-mega,11,310,,1.1,31.0,25.6198347107438
eelektross-mega,30,1800,,3.0,180.0,20.0
chandelure-mega,25,696,,2.5,69.6,11.136
chesnaught-mega,16,900,,1.6,90.0,35.15624999999999
delphox-mega,15,390,,1.5,39.0,17.333333333333332
greninja-mega,15,400,,1.5,40.0,17.77777777777778
pyroar-mega,15,933,,1.5,93.3,41.46666666666667
floette-mega,2,1008,,0.2,100.8,2519.9999999999995
malamar-mega,29,698,,2.9,69.8,8.299643281807372
barbaracle-mega,22,1000,,2.2,100.0,20.661157024793386
dragalge-mega,21,1003,,2.1,100.3,22.7437641723356
hawlucha-mega,10,250,,1.0,25.0,25.0
zygarde-mega,77,6100,,7.7,610.0,10.288412885815482
drampa-mega,30,2405,,3.0,240.5,26.72222222222222
falinks-mega,16,990,,1.6,99.0,38.67187499999999
raichu-mega-x,12,380,,1.2,38.0,26.38888888888889
raichu-mega-y,10,260,,1.0,26.0,26.0
chimecho-mega,12,80,,1.2,8.0,5.555555555555555
absol-mega-z,12,490,,1.2,49.0,34.02777777777778
staraptor-mega,19,500,,1.9,50.0,13.850415512465375
garchomp-mega-z,19,990,,1.9,99.0,27.423822714681442
lucario-mega-z,13,494,,1.3,49.4,29.230769230769226
heatran-mega,28,5700,,2.8,570.0,72.70408163265307
darkrai-mega,30,2400,,3.0,240.0,26.666666666666668
golurk-mega,40,3300,,4.0,330.0,20.625
meowstic-mega,8,101,,0.8,10.1,15.781249999999996
crabominable-mega,26,2528,,2.6,252.8,37.39644970414201
golisopod-mega,23,1480,,2.3,148.0,27.9773156899811
magearna-mega,13,2481,,1.3,248.1,146.80473372781063
magearna-original-mega,13,2481,,1.3,248.1,146.80473372781063
zeraora-mega,15,445,,1.5,44.5,19.77777777777778
scovillain-mega,12,220,,1.2,22.0,15.277777777777779
glimmora-mega,28,770,,2.8,77.0,9.821428571428573
tatsugiri-curly-mega,6,240,,0.6,24.0,66.66666666666667
tatsugiri-droopy-mega,6,240,,0.6,24.0,66.66666666666667
tatsugiri-stretchy-mega,6,240,,0.6,24.0,66.66666666666667
baxcalibur-mega,21,3150,,2.1,315.0,71.42857142857143
